,mackey
0,0.23
1,0.23
2,0.23
3,0.23
4,0.23
5,0.23
6,0.23
7,0.23
8,0.23
9,0.23
10,0.23
11,0.23
12,0.23
13,0.23
14,0.23
15,0.23
16,0.23
17,0.23
18,0.23
19,0.23
20,0.23
21,0.23
22,0.23
23,0.23
24,0.23
25,0.23
26,0.23
27,0.23
28,0.23
29,0.23
30,0.0
31,0.04599998094381274
32,0.0873999637932442
33,0.12465994835773253
34,0.158193934465772
35,0.18837452196300755
36,0.21553705071051954
37,0.23998332658328034
38,0.26198497486876504
39,0.28178645832570126
40,0.2996077934369439
41,0.31564699503706223
42,0.33008227647716876
43,0.3430740297732646
44,0.35476660773975094
45,0.3652899279095886
46,0.3747609160624425
47,0.383284805400011
48,0.3909563058038226
49,0.39786065616725313
50,0.40407457149434056
51,0.40966709528871925
52,0.41470036670366006
53,0.41923031097710683
54,0.4233072608232089
55,0.4269765156847008
56,0.4302788450600435
57,0.43325094149785187
58,0.4359258282918794
59,0.43833322640650424
60,0.44049988470966656
61,0.3964498962386999
62,0.3660049028035921
63,0.3468844052814271
64,0.3371279544022352
65,0.33505394554462575
66,0.3392234532630678
67,0.34840850875123736
68,0.36156429278241536
69,0.3778047786656746
70,0.39638141457490506
71,0.4166644825747328
72,0.4381268135355023
73,0.46032957387507556
74,0.4829098726036398
75,0.5055699661775306
76,0.5280678646591306
77,0.550209165938288
78,0.5718399655160238
79,0.5928407077734894
80,0.6131208609375929
81,0.6326143123064114
82,0.6512753929132038
83,0.6690754518842761
84,0.6859999104685014
85,0.7020457342538842
86,0.7172192695894533
87,0.7315343968302634
88,0.7450109588330087
89,0.7576734282475395
90,0.769549781659664
91,0.7806705526157355
92,0.7818858722932465
93,0.7768951079513456
94,0.7685807281579898
95,0.7591469675358473
96,0.7502418651210652
97,0.743061000380202
98,0.7384347655759524
99,0.7369013866518803
100,0.7387677271415797
101,0.7441596474690387
102,0.7530634387093447
103,0.7653596270682722
104,0.7808502601669098
105,0.799280641899799
106,0.8203563788649967
107,0.8437565328635082
108,0.8691436298881515
109,0.8961712411810835
110,0.924489809730054
111,0.9537513317421242
112,0.9836134087720148
113,1.0137430619746417
114,1.043820553576954
115,1.0735433072138105
116,1.102629876992627
117,1.1308238032444793
118,1.1578971244274017
119,1.1836532954877623
120,1.2079292904157226
121,1.230596730450439
122,1.2515619643278955
123,1.2704797132949592
124,1.287288098839172
125,1.3019609155301626
126,1.3145191887004255
127,1.325091906719516
128,1.333941104634727
129,1.3414416621480132
130,1.348032748052772
131,1.3541583864234379
132,1.3602071663772999
133,1.3664542180175503
134,1.3730046137189267
135,1.3797364722385006
136,1.386244307032175
137,1.3917890881220298
138,1.3952713029339745
139,1.395254826084929
140,1.390075179810966
141,1.3780528513475467
142,1.3577911733941228
143,1.3284807577188271
144,1.2900991755833449
145,1.2434247346839713
146,1.189866744991649
147,1.131191980338606
148,1.0692482718954879
149,1.0057545262735472
150,0.9421789223541328
151,0.8796933086647055
152,0.8191789193208485
153,0.7612597050195539
154,0.7063851869984717
155,0.6548238034626698
156,0.6067064453216493
157,0.5620613733837775
158,0.5208363702437901
159,0.4829143405292858
160,0.4481266816068029
161,0.4162662321702167
162,0.3871004909951233
163,0.3603854435540884
164,0.3358800659635883
165,0.3133611786639087
166,0.29263791453079274
167,0.2735649153363763
168,0.2560537524526485
169,0.24008316945501887
170,0.2257106295283881
171,0.21309032214785556
172,0.2025063435579536
173,0.19443454213601843
174,0.18965267040204123
175,0.18942362364810733
176,0.19576757328776892
177,0.2117713054351874
178,0.24165750323694782
179,0.28990032691779505
180,0.3586010123637248
181,0.444215889445185
182,0.5375119291511845
183,0.6279724846782293
184,0.7080861665111411
185,0.7743156483444376
186,0.8259775212408922
187,0.8639065980736664
188,0.8895756093400062
189,0.9046325282657541
190,0.9106855700031207
191,0.9092130877954893
192,0.9015320224021076
193,0.8887930696772949
194,0.8719881879148894
195,0.8519641547395583
196,0.8294394028309395
197,0.8050227758883729
198,0.7792333529288628
199,0.7525207060864672
200,0.7252852388190086
201,0.6978988253509819
202,0.6707269990186556
203,0.6441555631310094
204,0.6186269122422348
205,0.5946947528150376
206,0.5731100000099254
207,0.5549525114292213
208,0.5418115136896762
209,0.5359618301409749
210,0.5403454694222066
211,0.5580286029744166
212,0.5910423479042244
213,0.6392245128737198
214,0.6997100944987705
215,0.7670069132307453
216,0.8340335921348327
217,0.8945534946526293
218,0.9453925627058647
219,0.9866318094366571
220,1.0203170188117612
221,1.0490971289698348
222,1.0753811498739567
223,1.1009439410257793
224,1.1267907084065147
225,1.1531670481960485
226,1.179670483710557
227,1.2054393654223836
228,1.2293836341996065
229,1.2504088871632506
230,1.2675898417805562
231,1.2802712598662913
232,1.288099956756009
233,1.29100817126582
234,1.2891730891879263
235,1.2829737757101707
236,1.2729609100401607
237,1.259850312456082
238,1.2445491338425014
239,1.2282207932620608
240,1.2123818355465623
241,1.1989839247484417
242,1.1903654301815991
243,1.188925596628203
244,1.1964381505377335
245,1.2129073913090669
246,1.2349197337826399
247,1.2548720175228623
248,1.264092220510959
249,1.2580903068773956
250,1.23757367178857
251,1.2056214465387163
252,1.1652979493126256
253,1.1188632135938354
254,1.0678683570538416
255,1.0134979275906424
256,0.9568587295780194
257,0.899109028696774
258,0.8414369248694968
259,0.7849623673828829
260,0.7306432557450327
261,0.6792287183528724
262,0.6312618174042294
263,0.5871136666524183
264,0.5470296186924084
265,0.5111744958109872
266,0.47966975800270606
267,0.4526181252996519
268,0.4301102085755123
269,0.4122036032013767
270,0.39885921259645024
271,0.38981835663389935
272,0.3844238170015639
273,0.38145017095580425
274,0.3790974225180496
275,0.37532097230310146
276,0.36853077331992573
277,0.3583823177300163
278,0.3460377267965897
279,0.33357589902514806
280,0.32323104150898346
281,0.3171618429351888
282,0.31764716272990257
283,0.32737349187829934
284,0.34955684707375456
285,0.3875352323612842
286,0.4433473530279528
287,0.5154615850600409
288,0.5975878881259373
289,0.6806978153542544
290,0.7568145239311727
291,0.8211893773031416
292,0.8721350426605443
293,0.9099178934227005
294,0.9357801603749702
295,0.9513461843916506
296,0.9583220817665095
297,0.9583620070732356
298,0.9530167783070898
299,0.9437185078880208
300,0.9317757043193264
301,0.9183618480707485
302,0.9044830180401773
303,0.890914060718995
304,0.8781077135571389
305,0.8661117787435604
306,0.854560632035948
307,0.8428073176796392
308,0.8302005443457867
309,0.8163863316327601
310,0.8014617402178027
311,0.7859609697343265
312,0.7707965880432311
313,0.757245697399245
314,0.746994900266323
315,0.7422048754476298
316,0.7454855130360861
317,0.7595804254782562
318,0.7865783626626683
319,0.8267479681308442
320,0.8773659781504198
321,0.9322033773960432
322,0.9831202941790742
323,1.0238396074620653
324,1.0524672203236018
325,1.070762494585458
326,1.0820662174356748
327,1.0897877491537715
328,1.0967228714107198
329,1.104850650602245
330,1.1153314648776858
331,1.1285922360271599
332,1.1444709285544987
333,1.1624090546710155
334,1.1816648305981734
335,1.2015037650874412
336,1.2213263585932963
337,1.240712846749289
338,1.259389223355467
339,1.2771413235487041
340,1.2937275801598929
341,1.3088466549050792
342,1.3221813904403996
343,1.3334970075879529
344,1.34275523416028
345,1.350211376597502
346,1.3564647984308638
347,1.3624091013585127
348,1.3689552098469733
349,1.3762985394937512
350,1.3825526441754445
351,1.3824352018345887
352,1.3688534706993387
353,1.3386282191285799
354,1.2951440682610196
355,1.2445377785113245
356,1.1919179782232046
357,1.1403429325775998
358,1.091123758203545
359,1.0443695190632518
360,0.9994865908902569
361,0.9556018168320268
362,0.9119009638328102
363,0.8678549348233472
364,0.8233088220693158
365,0.7784426491535815
366,0.7336531950162088
367,0.6894210559007895
368,0.6462093087628769
369,0.6044098020341169
370,0.5643299718532955
371,0.5262023487629583
372,0.4901989609977761
373,0.456440447577626
374,0.42499799880523137
375,0.3958901107616347
376,0.3690762680756637
377,0.3444496630709078
378,0.3218347138457027
379,0.30100483788596333
380,0.28174766458886796
381,0.2640008649831016
382,0.24803638658756058
383,0.2345935899810225
384,0.22488091591508277
385,0.22053276768123162
386,0.22358573693002792
387,0.23635001742113207
388,0.2610511352468107
389,0.2992833482863122
390,0.3514716310546691
391,0.4165297651205767
392,0.4917704013622267
393,0.573086037406405
394,0.655487480536499
395,0.7339876619498028
396,0.8045172807182003
397,0.8644539980227691
398,0.9126273007915631
399,0.9489859087467687
400,0.9741879022037734
401,0.9892665754647014
402,0.9954093844265569
403,0.9938297546689867
404,0.9856990520714857
405,0.9721124084991948
406,0.9540717027622895
407,0.9324763244209083
408,0.9081170050100629
409,0.8816714799404411
410,0.8537049319573815
411,0.8246837940592803
412,0.7950155008163081
413,0.7651211843302953
414,0.7355277602066191
415,0.70695115249221
416,0.6803625787777697
417,0.6570434543250503
418,0.6386090866644208
419,0.6269583283092827
420,0.6241188200430654
421,0.6319992421128264
422,0.6520921770508447
423,0.6851557458734193
424,0.7308210722098228
425,0.7869444444840934
426,0.8486747196186089
427,0.9082975353781392
428,0.9576835674802974
429,0.9922154936949965
430,1.0121851102697614
431,1.021051319470419
432,1.023205478028784
433,1.0227154960057272
434,1.0229015254611653
435,1.0262681283451955
436,1.0345091695270086
437,1.0484897275452851
438,1.068218018665817
439,1.0928708681380002
440,1.120933299309621
441,1.1504601688952607
442,1.1794003578294439
443,1.2058945452959977
444,1.2284850362592377
445,1.246226620129056
446,1.258718771942312
447,1.2660877473550773
448,1.26894632529281
449,1.268348742130745
450,1.2657398007576761
451,1.2628801726574304
452,1.2617199097526028
453,1.2641780856550693
454,1.2717370498738874
455,1.284639554437639
456,1.300425656685822
457,1.3125603466859836
458,1.312732893733524
459,1.297615419084547
460,1.2709505185826204
461,1.238951934984187
462,1.2065644935182946
463,1.176543458935984
464,1.1497229288907835
465,1.1255091239668658
466,1.1023539931336004
467,1.0781869872884333
468,1.0508474966780699
469,1.0185634935857246
470,0.9804228464196093
471,0.9366390487788808
472,0.888431931242683
473,0.8375891719341837
474,0.7859758965939705
475,0.7352071450931095
476,0.6865218646447496
477,0.6407896495203137
478,0.5985704757340867
479,0.5601753134924883
480,0.5257022429519409
481,0.4950407461703017
482,0.4678517704855666
483,0.4435487179910082
484,0.4213235755164709
485,0.4002716730003164
486,0.3796486366393013
487,0.3592202961620607
488,0.33952551368339484
489,0.32178233944160883
490,0.30745908518628284
491,0.29790043661057775
492,0.294133164215348
493,0.2967288351982834
494,0.3057419571064681
495,0.32082954585922324
496,0.3415620178784592
497,0.3678123167707865
498,0.4000802303323371
499,0.43961889354504596
500,0.48817230429889397
501,0.547058037998793
502,0.6156214666765536
503,0.6900750214637967
504,0.7642517834033872
505,0.8320464844391066
506,0.8893977236578043
507,0.9346416846945536
508,0.9678568126888522
509,0.990082572393864
510,1.0027695380386046
511,1.007463806254797
512,1.0056381375711922
513,0.9985976881871281
514,0.9874215259129429
515,0.9729292384122342
516,0.9556821985706064
517,0.9360389832009754
518,0.9142765738122588
519,0.8907526368186598
520,0.8660330750598441
521,0.8409211204101219
522,0.8164087677393322
523,0.7935942386988719
524,0.7735802678286426
525,0.757370196019231
526,0.745798344205681
527,0.7395294370225051
528,0.7391356231835798
529,0.7452297006802735
530,0.7586068090808428
531,0.7803055994724958
532,0.8114246140684342
533,0.8524512359810013
534,0.901922117020086
535,0.954851244182938
536,1.0029426130307815
537,1.0384639669495694
538,1.0585188281385833
539,1.0651239618161426
540,1.0625497856411599
541,1.055185164428785
542,1.0466689579950939
543,1.0397396193626953
544,1.0363260788041049
545,1.0376768077723049
546,1.0444693823222944
547,1.0568876965132779
548,1.074658882740353
549,1.0970517947372653
550,1.1228775271818021
551,1.1505744315133544
552,1.1784300842880335
553,1.204886820847419
554,1.228808808182684
555,1.2496165059119844
556,1.2672725304706827
557,1.2821655004849968
558,1.2949557039753945
559,1.3064267300225074
560,1.317350672250511
561,1.3283288961305728
562,1.3395056870170772
563,1.3499711653564763
564,1.356739010574312
565,1.3540726381160586
566,1.335823301804815
567,1.3010618697909235
568,1.2554342496071584
569,1.2064292438862123
570,1.1597706392743203
571,1.1187689934189113
572,1.0847326549356167
573,1.0574610154017066
574,1.0356819484759787
575,1.0174510513509765
576,1.0005004901840118
577,0.9825272624719159
578,0.9614490480665108
579,0.9356697402357513
580,0.9043458191896964
581,0.8675530808324603
582,0.8262228558998009
583,0.78183262520173
584,0.7360015841038524
585,0.6901726192665132
586,0.6454558697916294
587,0.6026042637719401
588,0.562058578196633
589,0.5240145739893594
590,0.4884890335563507
591,0.45537877180097547
592,0.4245166433870597
593,0.3957354153978392
594,0.3689564376168865
595,0.34432061518579343
596,0.3223561760511557
597,0.3041139891555082
598,0.2911678325365795
599,0.28545996105480564
600,0.28895049643878273
601,0.30298828681485834
602,0.3276404417439843
603,0.3615180686807855
604,0.4023169668825831
605,0.44768162720722166
606,0.4958792350197955
607,0.5460910533542845
608,0.5983719174696239
609,0.6533389832263813
610,0.7115820405838958
611,0.7728428033977028
612,0.8353146575264344
613,0.8956940857958763
614,0.950196527983906
615,0.9958172859936096
616,1.0309660573508947
617,1.0553605321210808
618,1.069589107458089
619,1.07468932798194
620,1.0718599560593414
621,1.0622962410518695
622,1.0471074601624457
623,1.0272839070649795
624,1.0036951445146234
625,0.9771134682488739
626,0.948264631540113
627,0.9179086224710729
628,0.8869401465004908
629,0.856479443319447
630,0.8279232860701263
631,0.8029208222814941
632,0.7832260023123419
633,0.7704305563235305
634,0.7656883573844242
635,0.7695739771617455
636,0.7821239613523139
637,0.8029983333121381
638,0.831659716902617
639,0.8674680206090508
640,0.9095632567839201
641,0.9563389171477216
642,1.0043538124889
643,1.0472724848630979
644,1.076998401732499
645,1.0880748565400715
646,1.0809357711142045
647,1.0603391966682212
648,1.032077134798949
649,1.001148471387643
650,0.9713878068110289
651,0.9456679185888472
652,0.9261744671578475
653,0.9145844890020072
654,0.9121109316145625
655,0.9194185811288785
656,0.9364491187734045
657,0.9622413309300828
658,0.9948813681537801
659,1.0317133151334388
660,1.0698277451965672
661,1.1066663448280387
662,1.1404931590251157
663,1.1705688693937086
664,1.1970244511170687
665,1.2205395627380433
666,1.2419474232274557
667,1.2618359315981749
668,1.2801457529919547
669,1.295732328402453
670,1.305928174913768
671,1.3064387372559463
672,1.2924280246740598
673,1.2614393082139972
674,1.216257332419134
675,1.1641228137993256
676,1.1131412804742675
677,1.0698596500863415
678,1.0387046421538426
679,1.0218828119141672
680,1.0192348188552611
681,1.0284513820163141
682,1.0459211828345765
683,1.0678177608768646
684,1.0908116537658943
685,1.1121676763116106
686,1.129392627059335
687,1.1397830417834778
688,1.1403219190227358
689,1.1283300584777833
690,1.1026924689778723
691,1.0646116501364853
692,1.017089575602623
693,0.9636729395348503
694,0.9074606531340212
695,0.8507214158687655
696,0.7949293350076976
697,0.7409636695311597
698,0.6893326690920474
699,0.6403714617870733
700,0.5944060078572194
701,0.5518952144534441
702,0.5135803142613068
703,0.48068079133256036
704,0.4551354181506475
705,0.439713806897983
706,0.4375364983006754
707,0.45056407897179723
708,0.4776839873970206
709,0.5142975941773982
710,0.554038846907658
711,0.5908783907723316
712,0.6203033981467545
713,0.6397719229211049
714,0.6487481018458178
715,0.6483220468818341
716,0.6405920075154793
717,0.6281460721610057
718,0.6138310962647038
719,0.6007902351549943
720,0.5926513337310458
721,0.5936766630945265
722,0.6084901109889066
723,0.6407532295588879
724,0.6906740535106346
725,0.7532481315342159
726,0.8198815501913886
727,0.8823263004768563
728,0.935245079771491
729,0.9763261002753039
730,1.0052996191049863
731,1.022999889557496
732,1.030790330518212
733,1.0302963914886445
734,1.0233396448737244
735,1.0119980574746807
736,0.9987172565339526
737,0.9863303360846062
738,0.9777790581961981
739,0.9754788877479785
740,0.9806575251923437
741,0.9930983868037943
742,1.0113543215770697
743,1.0332419732311249
744,1.056418891119356
745,1.0788355216399468
746,1.0989373114195975
747,1.1156883049280846
748,1.1285586433131658
749,1.1375436993725145
750,1.1432156835886713
751,1.1467941411083373
752,1.1502077800201245
753,1.156044002793238
754,1.1671125294717912
755,1.1852061428269736
756,1.208968832896584
757,1.2322586855977045
758,1.246258265921988
759,1.2453436145580352
760,1.2300819538747407
761,1.2049475201008928
762,1.175171426874102
763,1.1452222286295064
764,1.1184673949923476
765,1.0972017468452322
766,1.082653647326284
767,1.0749009596464338
768,1.0728211040571627
769,1.0742570049638087
770,1.0764263685143323
771,1.076396248439953
772,1.0715039594864275
773,1.0597857830891437
774,1.0403861299914312
775,1.0137052187017996
776,0.9811432564794083
777,0.9446148600541664
778,0.9061009922306646
779,0.8673605684184539
780,0.829782495333194
781,0.7943082782951439
782,0.761361090641705
783,0.7307518630736405
784,0.7016053466226738
785,0.6724716443649248
786,0.6418649062738541
787,0.6092014350044735
788,0.5754453885915296
789,0.5427312368171868
790,0.5134347798570723
791,0.4896369397474195
792,0.47301298911610223
793,0.4647308078136962
794,0.46518739639804885
795,0.47371664487062376
796,0.48853561234061915
797,0.5070833137093134
798,0.5266498465372723
799,0.5450411838917504
800,0.5610534201269299
801,0.5746525703380387
802,0.5869030448681831
803,0.5997661519092846
804,0.6158352943218198
805,0.6379598142743633
806,0.6686456336920167
807,0.7092062077961298
808,0.7589530293927682
809,0.8150414925663139
810,0.8733227487045816
811,0.9297063282805181
812,0.9811586806181054
813,1.0259610910964654
814,1.063433448822798
815,1.0934695261055207
816,1.1161205435067645
817,1.1313756076609416
818,1.1392265035380604
819,1.1399365267753994
820,1.134248961255733
821,1.1233804594647352
822,1.108892301400115
823,1.092552655118004
824,1.0761998953576422
825,1.0615732553697823
826,1.0501053713111446
827,1.0427263513354543
828,1.0397565075570674
829,1.0409382187519478
830,1.0456010115026548
831,1.0529058650733032
832,1.0620962335477877
833,1.0727007723702293
834,1.084665761693076
835,1.0984074043358545
836,1.11474955309741
837,1.1346568130422479
838,1.158608852978938
839,1.1854876339898022
840,1.2112758577265308
841,1.2289829215028139
842,1.2315124622667157
843,1.2157803995635823
844,1.1837223692480099
845,1.1399846890817296
846,1.0894897578475478
847,1.0363477956904585
848,0.9837204745696975
849,0.934011024328908
850,0.8890646856219119
851,0.8502975321790003
852,0.818750949987144
853,0.795066904993242
854,0.7793888663458785
855,0.7712390034623775
856,0.769467963090918
857,0.7723609985500456
858,0.7778970612671595
859,0.7840676222259706
860,0.7891478942605068
861,0.7918593310443576
862,0.791408880112577
863,0.787418615865124
864,0.779778419174702
865,0.7684666137282847
866,0.7533901145970299
867,0.7343049547555526
868,0.7108914773066325
869,0.6830435638978991
870,0.6513148166566433
871,0.6172465723384521
872,0.5832621570868435
873,0.5522302575731262
874,0.527190897295778
875,0.5114556014809979
876,0.5087507327550567
877,0.5227976337128163
878,0.5558464364225091
879,0.6066889090232207
880,0.670119155634642
881,0.7389921202669073
882,0.8070973585814571
883,0.8706140700488334
884,0.9279876657569891
885,0.9791593189623065
886,1.0248025865030739
887,1.0657777946105471
888,1.102822326600363
889,1.1364435481209028
890,1.1669546802135888
891,1.194571566399308
892,1.2194911262905384
893,1.2419089873080915
894,1.2619823008079245
895,1.279771350479492
896,1.2951888271101857
897,1.307965160210999
898,1.317627656842454
899,1.3235060546533655
900,1.3248097771604865
901,1.3208265177518372
902,1.3112100681681453
903,1.296212368850046
904,1.276746641954568
905,1.254335592164093
906,1.23106801625139
907,1.2095933070039604
908,1.193034268297944
909,1.1845880156069206
910,1.1866527930800905
911,1.1996078493633067
912,1.2205989813802878
913,1.2430132475870599
914,1.2579898466864834
915,1.258138278056515
916,1.2405134321398972
917,1.206450938818402
918,1.1595393412959396
919,1.1038313901643009
920,1.0429322322654337
921,0.979706044802724
922,0.9162742323671754
923,0.8541236925968511
924,0.7942448903952498
925,0.737264644315818
926,0.6835583123930256
927,0.6333372222168184
928,0.5867142378114398
929,0.5437536752296066
930,0.5045114689996433
931,0.4690683855714018
932,0.437555246743153
933,0.4101675192790475
934,0.3871669596662052
935,0.36886309500250164
936,0.35555155032106966
937,0.3473685562745515
938,0.344029637084192
939,0.3445027386676687
940,0.34683558579733126
941,0.3484604387614841
942,0.3470691111880547
943,0.34163114378219495
944,0.33282123161073773
945,0.32256670334550996
946,0.3133156717089694
947,0.3077474152188231
948,0.3090047854421907
949,0.3210983962033019
950,0.348889640993878
951,0.3966906289453899
952,0.46500044878208513
953,0.5478159356855826
954,0.6346053078327234
955,0.7155667082270669
956,0.7847833075090523
957,0.8400381580259952
958,0.8814000329472799
959,0.9100384229361362
960,0.9275401418923634
961,0.9355807383543334
962,0.9357879908067823
963,0.929697736016092
964,0.9187504116101851
965,0.9043029026430592
966,0.8876417916282103
967,0.8699856266753366
968,0.8524589981522391
969,0.8360174277628148
970,0.8213146103899305
971,0.8085485191632017
972,0.7973839154694845
973,0.7870575858281564
974,0.7766765763735946
975,0.7655720550046277
976,0.7535274034181211
977,0.7408372261639918
978,0.7283025175995674
979,0.7172727324226338
980,0.7097643901749757
981,0.7085640147496689
982,0.7170380838126464
983,0.7382904300624208
984,0.7737585289976845
985,0.8219733009431534
986,0.878023464535261
987,0.93440151799473
988,0.9839489337127979
989,1.0229546664700646
990,1.051639502931633
991,1.0725572249728308
992,1.0889066185506917
993,1.103555472915711
994,1.1186303717889141
995,1.1353966346102382
996,1.1542864850905648
997,1.1750354650055448
998,1.1969099879266363
999,1.218983066741554
1000,1.2403876719878588
1001,1.2604812207728804
1002,1.2788921467544094
1003,1.2954677732891509
1004,1.3101744681534164
1005,1.323002881246764
1006,1.3339124776207145
1007,1.342827936877565
1008,1.3496839005261208
1009,1.3545065629190032
1010,1.3575195519117071
1011,1.3592596052337114
1012,1.3606655572202093
1013,1.3630330824418935
1014,1.3676095559358397
1015,1.374546663817464
1016,1.3811977596392302
1017,1.3810985115303052
1018,1.3669653700460107
1019,1.3366071783253435
1020,1.2936834307458278
1021,1.2435493142261098
1022,1.1903501571906172
1023,1.1364465207502963
1024,1.0827971325894121
1025,1.0295129731696206
1026,0.9763574438942
1027,0.9231266793512387
1028,0.8698662759238038
1029,0.8169111319916291
1030,0.7647927333611007
1031,0.7140975731533871
1032,0.6653496356739003
1033,0.6189481556521557
1034,0.5751556938802564
1035,0.5341165712254449
1036,0.49588664748155675
1037,0.460462164198636
1038,0.4278016968175147
1039,0.3978393263143161
1040,0.3704889464648427
1041,0.3456397379833097
1042,0.3231425124803368
1043,0.30278871713676964
1044,0.28429354805604007
1045,0.2673140346694514
1046,0.2515454212530498
1047,0.23690736406453586
1048,0.22373962816415352
1049,0.21286188763271927
1050,0.2054997082604874
1051,0.20326029249786803
1052,0.20820035814006027
1053,0.2228524758739902
1054,0.25005032628188584
1055,0.29239397843873854
1056,0.35123841502197695
1057,0.4253753327529639
1058,0.5102201490363649
1059,0.5985951078874762
1060,0.6830206348019925
1061,0.7578765111316792
1062,0.8201480042245
1063,0.8689785031414277
1064,0.9048571705959835
1065,0.928948700219373
1066,0.942675676142943
1067,0.9474963444797411
1068,0.9447996991939895
1069,0.9358625052471802
1070,0.9218362173547843
1071,0.903746774667535
1072,0.8824983625891616
1073,0.8588762264840389
1074,0.8335459550122685
1075,0.8070498730276933
1076,0.7798075930567001
1077,0.7521358669734534
1078,0.724303726701778
1079,0.6966212655974178
1080,0.6695315084339134
1081,0.6436782937224395
1082,0.6199625179564003
1083,0.5996063314160335
1084,0.5842161799837443
1085,0.5758045794523818
1086,0.5767026500907131
1087,0.5892780606594088
1088,0.6154088227722722
1089,0.6557901149153547
1090,0.7092271543921443
1091,0.7719552504192397
1092,0.8374168148050112
1093,0.8978520972484729
1094,0.9476033286396911
1095,0.9851359475209668
1096,1.0122800076045768
1097,1.032363209041383
1098,1.0488249889125738
1099,1.0645482061844087
1100,1.0816092952041956
1101,1.1012028952038484
1102,1.1236483843541547
1103,1.1484762113939329
1104,1.1746097742009907
1105,1.2006263676162852
1106,1.2250383159020912
1107,1.2465230162228231
1108,1.2640597493091672
1109,1.2769780369751695
1110,1.284953079633157
1111,1.287983288151847
1112,1.286367812075794
1113,1.2806921463292946
1114,1.2718281250156545
1115,1.2609498664329517
1116,1.2495562594181617
1117,1.239473710736678
1118,1.2327898917309792
1119,1.2316410547392744
1120,1.237733451538336
1121,1.2513806203471824
1122,1.2698422813148338
1123,1.2860556169680164
1124,1.2914132605889308
1125,1.2819337571311489
1126,1.25961673645842
1127,1.228713170873466
1128,1.1927750964357506
1129,1.153843987484572
1130,1.1126650895518806
1131,1.069183208375059
1132,1.023067100855365
1133,0.9741591742134014
1134,0.922753425569919
1135,0.869634289122353
1136,0.815910187183699
1137,0.7627688535354086
1138,0.7112801715705637
1139,0.6622987205897863
1140,0.6164513638991302
1141,0.5741713536037057
1142,0.5357464586654614
1143,0.5013619269941155
1144,0.471127847773527
1145,0.44508318585021267
1146,0.42316853300923013
1147,0.4051615989975069
1148,0.3905812283885682
1149,0.37859487206432524
1150,0.3680072180771987
1151,0.35743350448771294
1152,0.34571680938680166
1153,0.33248380474056893
1154,0.3184640199380054
1155,0.30519661400435977
1156,0.2944210459385004
1157,0.28776702032941354
1158,0.2867785272018703
1159,0.2930338959453904
1160,0.30825608361035883
1161,0.3343685179732032
1162,0.3733649778851001
1163,0.4267199243132559
1164,0.4941435265104247
1165,0.5722195550241194
1166,0.6544312135600938
1167,0.7333018889026723
1168,0.8029904325693049
1169,0.8603837267312415
1170,0.9046885530300227
1171,0.936540602100026
1172,0.95727536278501
1173,0.9684887952478607
1174,0.9718117795517611
1175,0.9688054344048801
1176,0.9609143793374441
1177,0.9494410669434034
1178,0.935519622002535
1179,0.9200774516257968
1180,0.90378410024071
1181,0.8870037808601503
1182,0.8697876705542735
1183,0.8519505790372911
1184,0.8332511843447357
1185,0.8136181864751046
1186,0.7932952626678815
1187,0.7728496573945953
1188,0.7531178716015811
1189,0.7351615740868397
1190,0.7202519222619885
1191,0.7098774691682717
1192,0.7057622576880724
1193,0.7098550967365969
1194,0.7241964908505704
1195,0.7505198359032271
1196,0.7894826340720289
1197,0.8395614358106883
1198,0.8959554994921761
1199,0.9508533681308016
1200,0.9965501737297662
1201,1.0292297320934958
1202,1.0496073308871938
1203,1.0609476244717442
1204,1.0670753407971159
1205,1.071348667491084
1206,1.0763185742716677
1207,1.08368418506666
1208,1.0943512521827097
1209,1.1085405711310354
1210,1.1259422660157492
1211,1.1459046961516002
1212,1.1676214424713827
1213,1.1902687025135152
1214,1.2130635019912661
1215,1.2352545877527428
1216,1.2561005804081937
1217,1.2748957468897102
1218,1.2910553331655605
1219,1.3042221518155255
1220,1.3143509535718207
1221,1.3217501996447938
1222,1.3270822039237717
1223,1.3313273280831666
1224,1.3356986495921466
1225,1.3414402974702246
1226,1.3493453352128166
1227,1.358731840204409
1228,1.365885646969648
1229,1.3636915173162256
1230,1.3458725044898523
1231,1.312662034448548
1232,1.269594107111265
1233,1.2226714522324804
1234,1.1759993936555513
1235,1.1316363087502028
1236,1.0900848073036273
1237,1.0508210466386803
1238,1.01276308509592
1239,0.9746786161240503
1240,0.9355195745300247
1241,0.8946479324066771
1242,0.8519187355782272
1243,0.8076243079760006
1244,0.7623522642594152
1245,0.7168283542275471
1246,0.6717928599538553
1247,0.6279224621219425
1248,0.5857871883661263
1249,0.5458301557369624
1250,0.5083627052966195
1251,0.4735692256530162
1252,0.44151566690206906
1253,0.4121566877912414
1254,0.38533969121331135
1255,0.36081022561003084
1256,0.338233094904564
1257,0.31725502662054755
1258,0.2976364300480083
1259,0.27944719648259037
1260,0.2632375161364133
1261,0.25004409578774894
1262,0.24125639947936375
1263,0.23850349248370104
1264,0.24353684938255793
1265,0.25800096119813976
1266,0.2831290836961939
1267,0.31952487692803755
1268,0.36712951744374867
1269,0.42527937372930646
1270,0.4926502593117189
1271,0.5670096925574285
1272,0.6449952020864618
1273,0.7223209371771181
1274,0.7945580253155422
1275,0.8580915363531907
1276,0.9106899941191564
1277,0.9515103255708669
1278,0.9807583516987044
1279,0.9992851915639773
1280,1.0082670542963776
1281,1.0089958213993302
1282,1.0027563809784563
1283,0.990759026908847
1284,0.9741028029607065
1285,0.9537548982815303
1286,0.9305387553329603
1287,0.9051301732230503
1288,0.8780675058056848
1289,0.8497877164657082
1290,0.8206982218128371
1291,0.7912758187474233
1292,0.7621570082539623
1293,0.7341925550917179
1294,0.7084739696692421
1295,0.6863339068316984
1296,0.6693006409564746
1297,0.6589962061619649
1298,0.6570008520450212
1299,0.6647234042778672
1300,0.6832904811107628
1301,0.713408578037101
1302,0.7550814760802286
1303,0.8069846527108114
1304,0.865372789283406
1305,0.9232625734810964
1306,0.9720188204709117
1307,1.0056275951614588
1308,1.0233880390770542
1309,1.0286228756085123
1310,1.0260463821315111
1311,1.0201202259520157
1312,1.0144927212593686
1313,1.011939086207342
1314,1.0144168513655507
1315,1.023092096271251
1316,1.0383252464404886
1317,1.0596666395889012
1318,1.085925388241109
1319,1.1153454806223273
1320,1.1458703772906222
1321,1.1754396242457057
1322,1.2022596847051386
1323,1.2250091518645574
1324,1.24295511437708
1325,1.2559794547803032
1326,1.2645368430643145
1327,1.2695713713525423
1328,1.2724086109718606
1329,1.2746279476921942
1330,1.2779077850487857
1331,1.2838091809861087
1332,1.293398379700636
1333,1.306493503743388
1334,1.3203193086279996
1335,1.328369457803533
1336,1.322875452479789
1337,1.301490952871346
1338,1.2690836571604533
1339,1.2327367885631704
1340,1.1979066368576952
1341,1.16760147256323
1342,1.1427261683305714
1343,1.1226167713193516
1344,1.1055510041550112
1345,1.0891898203435624
1346,1.0709521616920088
1347,1.0483911789573852
1348,1.0196440945455076
1349,0.9838877569507786
1350,0.941558296406366
1351,0.8941478069056645
1352,0.8436868310241633
1353,0.7922147511286829
1354,0.7414482707288108
1355,0.6926661098281441
1356,0.6467265376413105
1357,0.6041326476847811
1358,0.5650952386056195
1359,0.5295754067602346
1360,0.4973104062010202
1361,0.46784053019730926
1362,0.440564299733665
1363,0.4148519119844828
1364,0.3902354334355103
1365,0.3666554308083807
1366,0.3446618513307481
1367,0.3253897262413095
1368,0.31026809025833946
1369,0.3006842347574882
1370,0.297696794112216
1371,0.3017444689155968
1372,0.3124725385018073
1373,0.32887029060351664
1374,0.3497075084077953
1375,0.3740530834624157
1376,0.4016774072873665
1377,0.43327182504133743
1378,0.4704629016088402
1379,0.5154942867426162
1380,0.5703069791104539
1381,0.6349552187200311
1382,0.7062567400699181
1383,0.7782986192523488
1384,0.8448528923310703
1385,0.9015673199829836
1386,0.9465091008394699
1387,0.9795688141572407
1388,1.0016609955137756
1389,1.014139894772247
1390,1.0184575512780247
1391,1.0159819317056755
1392,1.0079048672617272
1393,0.995202973672036
1394,0.978640533391673
1395,0.958817175455268
1396,0.9362633241129656
1397,0.9115677313765836
1398,0.8854880375898204
1399,0.8589923388620965
1400,0.8332295886447726
1401,0.8094456631084617
1402,0.7888496129565709
1403,0.7724586047910441
1404,0.7609858290252706
1405,0.7548268345502508
1406,0.7541507566059673
1407,0.7590623795831009
1408,0.7697903093155707
1409,0.786853903750725
1410,0.8111309383847847
1411,0.8436655764555326
1412,0.8849516117122523
1413,0.9334771000535818
1414,0.9840512426723231
1415,1.028204541935998
1416,1.0584765601131911
1417,1.0726608106903244
1418,1.0734263770357946
1419,1.0654186708592495
1420,1.0531827694490499
1421,1.0404226953738096
1422,1.0299409668642487
1423,1.0237713912980126
1424,1.0233068396696228
1425,1.0293642137324255
1426,1.042178987137737
1427,1.0613498248367161
1428,1.085795367389697
1429,1.113826739473161
1430,1.1434101240611765
1431,1.1725679949215655
1432,1.1997586989984133
1433,1.224087270831742
1434,1.2453062492205713
1435,1.263666628636805
1436,1.279714143054963
1437,1.2941012832171874
1438,1.3074391154745888
1439,1.3201699231803095
1440,1.3324002393883392
1441,1.3435814541809046
1442,1.3518928201874587
1443,1.353420516150427
1444,1.3423444930099524
1445,1.3144086199755716
1446,1.2715803891384605
1447,1.2209772271268302
1448,1.1699962306442029
1449,1.12382506909902
1450,1.0853137791356464
1451,1.0554089706828655
1452,1.0335614807557123
1453,1.0181162713971588
1454,1.006710932883219
1455,0.9966342134767907
1456,0.9851147297406683
1457,0.9695940879369618
1458,0.9480740084712497
1459,0.9195218685302089
1460,0.8841257169050081
1461,0.8431612743737646
1462,0.7985032775046242
1463,0.7520756841936505
1464,0.7054914405933045
1465,0.6599249570700447
1466,0.6161350527971835
1467,0.5745490357387943
1468,0.535355712059813
1469,0.49858717053652885
1470,0.46418670559147224
1471,0.43206889709577406
1472,0.40218405840905563
1473,0.3746059221099089
1474,0.34966433931073887
1475,0.3281246906651551
1476,0.3113491083633084
1477,0.3013158825048183
1478,0.3003825639975897
1479,0.3106426375915808
1480,0.33292156114942706
1481,0.3660596174060222
1482,0.40720654078612284
1483,0.4529360418041226
1484,0.5003388429529074
1485,0.5476106060027659
1486,0.5941928655771067
1487,0.6406582031351619
1488,0.6884034253101776
1489,0.7390650566139433
1490,0.7935711816602017
1491,0.8510929068784474
1492,0.9086992657801247
1493,0.9623048550645548
1494,1.0082582552386665
1495,1.0443488245555061
1496,1.069863207357917
1497,1.0851399473430225
1498,1.0910870876719665
1499,1.0888428606662348
1500,1.0795814350898074
1501,1.0644175356020407
1502,1.044369972356538
1503,1.020360881364677
1504,0.9932419007752497
1505,0.9638486679021185
1506,0.9330877898394511
1507,0.9020482994999902
1508,0.872106274285029
1509,0.8449718003625788
1510,0.8226026279706622
1511,0.8069255636633252
1512,0.7994417679087271
1513,0.8009286913433838
1514,0.8113901243577524
1515,0.8302205904467773
1516,0.8564556998416237
1517,0.8890002841265725
1518,0.9267565610591452
1519,0.9685475968666193
1520,1.0126522181876114
1521,1.0557972519210874
1522,1.092134883696602
1523,1.1142471775784712
1524,1.117316584226529
1525,1.1022669562035488
1526,1.074165125752341
1527,1.0389235791474956
1528,1.0015246474992265
1529,0.9657225955919021
1530,0.9343046347395072
1531,0.9094065700416167
1532,0.8927216520394312
1533,0.8855659237798311
1534,0.8887967089994737
1535,0.9026075441736792
1536,0.9262787784610524
1537,0.9580382480269999
1538,0.9952116669175514
1539,1.034726562130472
1540,1.0738010134559228
1541,1.1105003941039295
1542,1.1439260189535143
1543,1.1740159866224733
1544,1.2011045653680443
1545,1.2254107750833239
1546,1.2465595191433616
1547,1.263192273279403
1548,1.272771287721213
1549,1.2718098630979633
1550,1.2568295069026527
1551,1.2260541896724473
1552,1.181049632943653
1553,1.1269217931206288
1554,1.0706478316967445
1555,1.0190023070892114
1556,0.9775384390222744
1557,0.9503354393861752
1558,0.9395960817446785
1559,0.9450260484837119
1560,0.963768573039487
1561,0.9913988293646356
1562,1.0234027924306945
1563,1.0561713744801426
1564,1.0871496839157058
1565,1.1143751241493842
1566,1.13578015918018
1567,1.148659893549355
1568,1.1498233362429755
1569,1.136750136206995
1570,1.1090559826437723
1571,1.0688379920250286
1572,1.019608871869858
1573,0.9649480451620279
1574,0.9077548384844695
1575,0.8501179989218137
1576,0.7934881573370575
1577,0.7389217343803564
1578,0.6872999437517866
1579,0.63951078887476
1580,0.5966303050433782
1581,0.5601672296513384
1582,0.5324158334851565
1583,0.5167838322318203
1584,0.51748116958858
1585,0.5376104649329503
1586,0.5761870106132124
1587,0.6273783391506367
1588,0.6833690336567932
1589,0.7373510692732305
1590,0.7841460045406202
1591,0.8196926407493629
1592,0.8411426358572625
1593,0.8475838959678449
1594,0.840279992847113
1595,0.8220166687307825
1596,0.7961913264055211
1597,0.7662535652222624
1598,0.7355869131355073
1599,0.707662042495642
1600,0.6862888015928994
1601,0.6757962212052264
1602,0.6807812309307231
1603,0.7047950481441457
1604,0.7478451644212254
1605,0.8046274837259382
1606,0.8661886260809065
1607,0.9239785203909487
1608,0.972525376181172
1609,1.0095738794207414
1610,1.0350718245802282
1611,1.050212572662553
1612,1.0568849753057612
1613,1.0574851100572884
1614,1.0549531362946782
1615,1.052811734454767
1616,1.0548362327876615
1617,1.0641271191992518
1618,1.082015796407981
1619,1.1075184230369375
1620,1.1375488729492025
1621,1.1679522455061144
1622,1.1953505894903518
1623,1.2187096464460876
1624,1.2391284147068309
1625,1.2581829315978235
1626,1.27646861820222
1627,1.2932725367762365
1628,1.3071998293170906
1629,1.3170762306261226
1630,1.3225793893172082
1631,1.3244699653536731
1632,1.3245491618068288
1633,1.325399968917606
1634,1.329681067244507
1635,1.3385226867302789
1636,1.3491602962903153
1637,1.3542058099678762
1638,1.3459198691073722
1639,1.3220403226797635
1640,1.2859875323020504
1641,1.243230650330538
1642,1.1987050501544612
1643,1.1560101198461232
1644,1.1173504124961648
1645,1.0835468666217696
1646,1.053964697657115
1647,1.026545553646134
1648,0.9982584448147976
1649,0.9660678662819114
1650,0.9281130634890472
1651,0.884458211843
1652,0.8368259219381942
1653,0.7875123512763967
1654,0.738385526525294
1655,0.6905402934476509
1656,0.6444853016631985
1657,0.6004860881320878
1658,0.5587963252528054
1659,0.519709393171876
1660,0.4835046711694205
1661,0.45037694369725634
1662,0.4203798149137733
1663,0.39337481751649633
1664,0.36898912300289743
1665,0.3466403251055073
1666,0.3257321779326956
1667,0.3060192256536915
1668,0.2878744590033983
1669,0.27221341159310064
1670,0.26026717437780955
1671,0.25347745524015053
1672,0.25344754992016005
1673,0.2617495066221783
1674,0.2795123680774946
1675,0.3069694507682663
1676,0.34334683191563403
1677,0.38733145165105676
1678,0.43788185226023857
1679,0.494789508386595
1680,0.5584286039035488
1681,0.6284954632126435
1682,0.7024598055251317
1683,0.7754564436322279
1684,0.8421777611933133
1685,0.898849577517319
1686,0.9437496660530995
1687,0.9766976433821832
1688,0.9983974456883045
1689,1.0099861919431572
1690,1.0127802501619816
1691,1.0081356857187445
1692,0.9973665873773929
1693,0.9816914033850864
1694,0.9621902464190615
1695,0.939765593677427
1696,0.9151153627738221
1697,0.8887493861085067
1698,0.8610778518069652
1699,0.8325447333853617
1700,0.8037328207373998
1701,0.7754128992984044
1702,0.7485670449077424
1703,0.7243997949641444
1704,0.7043096377654506
1705,0.6897809848847335
1706,0.6821963204358135
1707,0.6826444913267985
1708,0.6918404453433333
1709,0.7102100807713055
1710,0.7380600235813539
1711,0.775611347898442
1712,0.8225520218807978
1713,0.8767953803422885
1714,0.9329016242629518
1715,0.9824153039235318
1716,1.017906572014178
1717,1.0370714451750702
1718,1.042495378274003
1719,1.0388862026211092
1720,1.0309823818933
1721,1.0227400113984786
1722,1.017197466495638
1723,1.0165292734675717
1724,1.022089747627427
1725,1.0344164918979941
1726,1.0532387864111172
1727,1.077546730244539
1728,1.105742252786904
1729,1.1358565767265787
1730,1.1658151296045718
1731,1.193726104243676
1732,1.2181370857988723
1733,1.2381986339072975
1734,1.2537144449622957
1735,1.2650974267615998
1736,1.2732599771920383
1737,1.2794581426628726
1738,1.2851054038032323
1739,1.2915720153818588
1740,1.299965939427488
1741,1.3108253123116442
1742,1.3235363280646841
1743,1.3352643234733814
1744,1.3399766044016186
1745,1.3304241948339994
1746,1.3043151054560067
1747,1.2666649158384962
1748,1.2250361327436687
1749,1.1853969367166783
1750,1.151166420290541
1751,1.1235401910090592
1752,1.1020100607571712
1753,1.0848775010246439
1754,1.069728723296047
1755,1.053843061310715
1756,1.0345644700174856
1757,1.0097125660911233
1758,0.9780284021434568
1759,0.9394770885866935
1760,0.8951879820426646
1761,0.8470274644784067
1762,0.797048628102508
1763,0.7470767090820783
1764,0.6985178905049533
1765,0.6523351503737108
1766,0.6091009974107106
1767,0.5690660922156355
1768,0.5322199212777458
1769,0.4983441338353727
1770,0.46706981383903556
1771,0.4379510483875886
1772,0.41056402035995715
1773,0.3846378624516029
1774,0.360217232591847
1775,0.33782520810374395
1776,0.31852423486766884
1777,0.30377720141119774
1778,0.29517833941358607
1779,0.29411058797803663
1780,0.30129601135033407
1781,0.31642752639123106
1782,0.33821762273099554
1783,0.3649204188030935
1784,0.3950173061286496
1785,0.42774160036515396
1786,0.46333451376848134
1787,0.5030471876057502
1788,0.5488377305139359
1789,0.6025765485823029
1790,0.664676404668884
1791,0.7327751448142426
1792,0.801843602175241
1793,0.866120409392861
1794,0.9212475859292566
1795,0.9650668587484843
1796,0.997231683122852
1797,1.0184784177002428
1798,1.0300398925413536
1799,1.0332861377881297
1800,1.0295322825910354
1801,1.0199468837207597
1802,1.0055196750723692
1803,0.9870693388722098
1804,0.9652845252779064
1805,0.9407968694058544
1806,0.9142809160064255
1807,0.8865569865337959
1808,0.8586563215938688
1809,0.8318260608633101
1810,0.8074652875036162
1811,0.7869775895269943
1812,0.7715646989947827
1813,0.7620504287508135
1814,0.7588264133670468
1815,0.7619399257838038
1816,0.7712767170032789
1817,0.7867737129901095
1818,0.8086014813217656
1819,0.8372373367582612
1820,0.8732730689107127
1821,0.9166806805239813
1822,0.9653052228096236
1823,1.0132673695415866
1824,1.0519123200346665
1825,1.074644145164295
1826,1.0806657654139296
1827,1.0737045094459827
1828,1.0588838112701073
1829,1.040866411750634
1830,1.0233408944900229
1831,1.0090828382355606
1832,1.000129600920329
1833,0.9979018666267905
1834,1.0032329108151292
1835,1.0163157536331446
1836,1.0366123441097166
1837,1.0628087392024783
1838,1.09292521122801
1839,1.1246424261728234
1840,1.1557687724355203
1841,1.1846626413710002
1842,1.2104474376187675
1843,1.2329804229329335
1844,1.2526502170921916
1845,1.2701152361511128
1846,1.2860636522098676
1847,1.3010186407844473
1848,1.3151616379191746
1849,1.3281038874750826
1850,1.3385048359632354
1851,1.3434973020671044
1852,1.3383514331705533
1853,1.3179148227102049
1854,1.2807822299749712
1855,1.2318306972449342
1856,1.1790187501867044
1857,1.1292488778819254
1858,1.087047867506849
1859,1.0547394460529391
1860,1.0327812741435687
1861,1.0200837321245373
1862,1.0144247667855024
1863,1.0129304455489718
1864,1.0124755145085336
1865,1.0099323291623252
1866,1.0023645066744056
1867,0.9873502695482217
1868,0.9634907047291992
1869,0.9308380594982402
1870,0.8908408057907125
1871,0.8457597034227153
1872,0.7979496002681281
1873,0.7493822482483772
1874,0.7014827473476541
1875,0.6551659314554988
1876,0.6109506204243319
1877,0.5690831626357024
1878,0.5296449225576331
1879,0.492640426696571
1880,0.4580731488539934
1881,0.42602327619092173
1882,0.3967500974809306
1883,0.370845916867182
1884,0.3494434386572214
1885,0.3343897001918855
1886,0.32818943922509314
1887,0.33346187655429793
1888,0.35177308169696464
1889,0.3823972578117465
1890,0.42217280901216875
1891,0.4667201798070786
1892,0.5119477848380204
1893,0.5549437204352797
1894,0.5942444854756008
1895,0.6297991101118597
1896,0.6628257444049965
1897,0.6955960256860975
1898,0.731047667692883
1899,0.7720055352459292
1900,0.8198872454361477
1901,0.8734107444612252
1902,0.9285409169986574
1903,0.9801573675939319
1904,1.0240900627978387
1905,1.0580433356940246
1906,1.0813902232627106
1907,1.0945623795679178
1908,1.098518739441051
1909,1.0944121500141895
1910,1.0834161317131763
1911,1.0666518974305552
1912,1.0451745860502264
1913,1.0199994790581774
1914,0.9921650658342659
1915,0.9628353495599924
1916,0.9334285856700829
1917,0.9057226634798003
1918,0.8818416386576965
1919,0.864010049835096
1920,0.8540833835595648
1921,0.8530944244554838
1922,0.8610832628794108
1923,0.8772380270312771
1924,0.9001963720569359
1925,0.9283765962705527
1926,0.9602741160098817
1927,0.9946769800452371
1928,1.0307343830164633
1929,1.0677624672079542
1930,1.1045887573734265
1931,1.1383164104078554
1932,1.1633047016014575
1933,1.1727550783732554
1934,1.163284786056224
1935,1.137233584047697
1936,1.100233863879571
1937,1.058075674016461
1938,1.015385450161331
1939,0.9755783304736698
1940,0.9411908437114752
1941,0.9141938821317158
1942,0.896173257792874
1943,0.8883518732542568
1944,0.8914504313801259
1945,0.9054219644985273
1946,0.929181113620832
1947,0.9605441660663231
1948,0.9965679583042484
1949,1.0342285463604597
1950,1.0710853075720177
1951,1.1055525008697695
1952,1.1366884377315047
1953,1.1637074087452328
1954,1.1854971867680593
1955,1.2003652399076368
1956,1.2061591039236106
1957,1.2007714720786402
1958,1.1828158066784962
1959,1.1521247582886878
1960,1.1098867495520504
1961,1.0585411462957652
1962,1.0016170534353601
1963,0.9434614988391997
1964,0.8887272561666493
1965,0.8418658554241661
1966,0.8069289765235307
1967,0.7873727132776953
1968,0.785346477917543
1969,0.8006137970305264
1970,0.8301096851931576
1971,0.8688980663094501
1972,0.9118893473211787
1973,0.955045794103541
1974,0.9955733953121673
1975,1.0313985227777551
1976,1.0604116947162865
1977,1.0799578087528532
1978,1.0870930299160502
1979,1.0797534267905275
1980,1.0579594931525738
1981,1.0238753060405361
1982,0.9808035940287008
1983,0.9321345040725852
1984,0.8808226963418535
1985,0.8293138380083884
1986,0.7796768800824034
1987,0.7338008048859588
1988,0.6936294702917933
1989,0.661461526457861
1990,0.6403120859281689
1991,0.6341398332814769
1992,0.6472555798542867
1993,0.6818825647348613
1994,0.7347454823951957
1995,0.7972257045013874
1996,0.8603344521567936
1997,0.9187766419989576
1998,0.9711618376590333
1999,1.018245014887947
2000,1.0609094464249542
2001,1.0985149559312706
2002,1.1282124378005998
2003,1.1458869370503717
2004,1.148387747390519
2005,1.1353143464339954
2006,1.1091053582816415
2007,1.0739976584367141
2008,1.0349911703786459
2009,0.9972772088478804
2010,0.966018293790638
2011,0.9461727798699343
2012,0.9419197203730091
2013,0.9552839411063879
2014,0.9844386400132057
2015,1.0235034735016315
2016,1.0648963351100105
2017,1.1023896118267102
2018,1.1325551206538225
2019,1.1545390894043008
2020,1.1692897661597477
2021,1.17895652437727
2022,1.1865689958827932
2023,1.1957139295241288
2024,1.209618378154266
2025,1.2291629732529519
2026,1.2507098108909753
2027,1.2664275695549536
2028,1.2684067679101247
2029,1.2527908880181475
2030,1.2201560700736656
2031,1.173750341486913
2032,1.118108048813381
2033,1.0582736432044684
2034,0.9991869172121133
2035,0.945303197014741
2036,0.9005932167016507
2037,0.8686536858900097
2038,0.8524020471717813
2039,0.8530361783517737
2040,0.8688197376797748
2041,0.8950740663086428
2042,0.9257118820475962
2043,0.9547009438616448
2044,0.9762365134872252
2045,0.9847607652188599
2046,0.976799448492063
2047,0.9531912335211062
2048,0.9182663930178249
2049,0.8770894520333538
2050,0.8337167641821471
2051,0.7908208464241565
2052,0.7498449914279871
2053,0.7111880615882011
2054,0.67435935710756
2055,0.6383163457979427
2056,0.6021929809816774
2057,0.5661041115114549
2058,0.5313058037258938
2059,0.4997116520307112
2060,0.4735504149044657
2061,0.4555472812446996
2062,0.44935934858969995
2063,0.4595871406858474
2064,0.49026233128748875
2065,0.5415611637125644
2066,0.6078423041200873
2067,0.6803821607533653
2068,0.7519309076145856
2069,0.8185083779183872
2070,0.8783554507668426
2071,0.9300810749447362
2072,0.9716647421519293
2073,1.0011239135966727
2074,1.0182222684744922
2075,1.0257068678834649
2076,1.029158694847415
2077,1.0353350708632991
2078,1.0495408025037303
2079,1.073351268276339
2080,1.104202962664128
2081,1.1372486321353013
2082,1.167877452270302
2083,1.1930792836943729
2084,1.2114515782458861
2085,1.2226051161381568
2086,1.2265902012398668
2087,1.2236191791538031
2088,1.2140966456788451
2089,1.198758015465566
2090,1.1787275999172369
2091,1.1555112429429313
2092,1.1310345214351025
2093,1.107772780086684
2094,1.0888743029461763
2095,1.0779607437986027
2096,1.0782423652480553
2097,1.0911553039888644
2098,1.1152836629305143
2099,1.1459267755287654
2100,1.1755686968031067
2101,1.1959727064108077
2102,1.2016891410668624
2103,1.1925563191466606
2104,1.1728508120281744
2105,1.1482192128658872
2106,1.1230201700180198
2107,1.0989451338509082
2108,1.074786545839679
2109,1.0473709639144573
2110,1.0134905847770268
2111,0.9719159349781379
2112,0.9239695942525861
2113,0.8724051258592374
2114,0.8200307598523481
2115,0.7690561605814396
2116,0.7210465059410964
2117,0.6771103716337972
2118,0.6381084954348069
2119,0.6048072944200518
2120,0.5779619846854094
2121,0.5583266862696694
2122,0.5465666202285899
2123,0.543021231745259
2124,0.5472855702116137
2125,0.5577000085625147
2126,0.5710631859586868
2127,0.5829854518820584
2128,0.5890129770736491
2129,0.5861911523616206
2130,0.5743013656827113
2131,0.5557936358060441
2132,0.5344482672789219
2133,0.5140193885257948
2134,0.4975989854603607
2135,0.4874273591001627
2136,0.4847668770866672
2137,0.48988699470812563
2138,0.5024815074509424
2139,0.5225510969605158
2140,0.5512188543193497
2141,0.590665582612139
2142,0.6425407454318409
2143,0.7054239150194187
2144,0.7738684574873342
2145,0.8406628949961703
2146,0.900027237379339
2147,0.9489562423501743
2148,0.9867937955302687
2149,1.0143234612458352
2150,1.0330655602374128
2151,1.0448726393344243
2152,1.0517229754705473
2153,1.0556045409589427
2154,1.0584067605321676
2155,1.0617599667636595
2156,1.0668002478226657
2157,1.073913142922226
2158,1.082592538480899
2159,1.0915467298016541
2160,1.0990713201636964
2161,1.1035779046112117
2162,1.1040670533081751
2163,1.1003471549645627
2164,1.0929841128532019
2165,1.0831129648704745
2166,1.0722133989896303
2167,1.06187599907133
2168,1.0535878618729428
2169,1.048622360982133
2170,1.0481119324449881
2171,1.053259754981518
2172,1.0654593919512578
2173,1.0858983947515026
2174,1.1142157273705005
2175,1.1464980412006465
2176,1.1747833080612433
2177,1.1907625586449304
2178,1.190887603106685
2179,1.1770278869469293
2180,1.1535567991733284
2181,1.1248511564799053
2182,1.0942822141623036
2183,1.0640553117507912
2184,1.0353260808755613
2185,1.0083755301738069
2186,0.9828186097719211
2187,0.9578787704986949
2188,0.9327363703322269
2189,0.9068863951049183
2190,0.880384255219295
2191,0.8538852234513333
2192,0.8284843047192434
2193,0.8054565963439655
2194,0.7860084123832407
2195,0.7710831063991719
2196,0.7612078288485216
2197,0.7563725057408492
2198,0.7559710163443647
2199,0.7588412464843306
2200,0.7633837816700152
2201,0.7676743484092801
2202,0.7695032121595572
2203,0.7664084860251159
2204,0.7559855045749333
2205,0.736815473045817
2206,0.7097013207146239
2207,0.6778449934074494
2208,0.6454404625951533
2209,0.6162484764480027
2210,0.5931926214071839
2211,0.5784773516416821
2212,0.5736507781460567
2213,0.5795019115460446
2214,0.595946798569155
2215,0.6220916618063116
2216,0.6565172311137722
2217,0.6976425853063446
2218,0.7439646093711105
2219,0.7940647385754471
2220,0.8464448592121211
2221,0.8993905698195761
2222,0.9510505695250677
2223,0.9997358896650527
2224,1.0442483019526403
2225,1.084044391753657
2226,1.1191902222506833
2227,1.1501783645601
2228,1.1776994670692122
2229,1.202436375841576
2230,1.2249239078620218
2231,1.2454931996862892
2232,1.2642892256160796
2233,1.2813178831298404
2234,1.2964506937077436
2235,1.3093136415493922
2236,1.3191085151398687
2237,1.3246812922196036
2238,1.325061588953265
2239,1.320043844482299
2240,1.3103232656306505
2241,1.2972928927143361
2242,1.2827756128737544
2243,1.2687871644204407
2244,1.2573159033028078
2245,1.2501039956746665
2246,1.2484412118034185
2247,1.2529760063426902
2248,1.2634976303248147
2249,1.2785937384153174
2250,1.295153258382201
2251,1.308041967985328
2252,1.310844569088336
2253,1.298242208355403
2254,1.2685236141369671
2255,1.223836183248167
2256,1.1683451698250757
2257,1.1063263608319749
2258,1.0412287813575902
2259,0.9755131937772565
2260,0.9108215991084737
2261,0.8482099590028545
2262,0.7883416488790844
2263,0.7316214120437626
2264,0.6782815866443506
2265,0.6284421313685614
2266,0.5821652464650757
2267,0.5395119216708448
2268,0.5005810736012277
2269,0.46550699185134536
2270,0.43442697228361316
2271,0.40744506493143784
2272,0.38459246526078844
2273,0.3657708949120722
2274,0.3506776528265372
2275,0.33873743607672935
2276,0.32908822090761464
2277,0.3206640716016168
2278,0.312379288125583
2279,0.3033680790114715
2280,0.29320337464839274
2281,0.28202191225396306
2282,0.27052225603494073
2283,0.25987608883633245
2284,0.2516719202551568
2285,0.24802499178130255
2286,0.25189182986983405
2287,0.2674166984860925
2288,0.2997289393763641
2289,0.3531268152528212
2290,0.42739616000145264
2291,0.5154328124341021
2292,0.6061150703443919
2293,0.689794153894621
2294,0.7609800980029743
2295,0.8177988505062901
2296,0.860511215289318
2297,0.8903748189943447
2298,0.9090147460178409
2299,0.9181306718321923
2300,0.9193745387842968
2301,0.9143016818869735
2302,0.9043502527943981
2303,0.8908282754435815
2304,0.8748964913443185
2305,0.8575404003216508
2306,0.839532500042871
2307,0.8213959136938188
2308,0.8033883994566314
2309,0.7855248643836138
2310,0.7676455931614933
2311,0.7495214334240806
2312,0.7309734930012393
2313,0.711980481338505
2314,0.6927575779490461
2315,0.6738161528939999
2316,0.6560394922610556
2317,0.640813857202394
2318,0.6302157111556691
2319,0.6271395771288516
2320,0.6350488530796422
2321,0.6570058186241601
2322,0.6942555455574145
2323,0.7452471827026026
2324,0.8053967165592032
2325,0.8677476310958481
2326,0.9252305651301389
2327,0.97347255297375
2328,1.0117360684718522
2329,1.0418072429569327
2330,1.0664288919926448
2331,1.0882401169374505
2332,1.1092681351212699
2333,1.130759198632224
2334,1.153198159481275
2335,1.1764467729029477
2336,1.1999548294840616
2337,1.2229887125200296
2338,1.2448189322802747
2339,1.2648300974203273
2340,1.2825523361687503
2341,1.2976406418794473
2342,1.309837415256344
2343,1.318946916468194
2344,1.3248364169459543
2345,1.3274647019428965
2346,1.3269306043647584
2347,1.3235360579716617
2348,1.3178659820509957
2349,1.3108890225812808
2350,1.3040586219861758
2351,1.2993219276732322
2352,1.2988507668817135
2353,1.304296415738291
2354,1.3154350436522209
2355,1.328377867716667
2356,1.3352665379464237
2357,1.3285075283535077
2358,1.3060119902024319
2359,1.2706887507887412
2360,1.2267592980209634
2361,1.177567465995327
2362,1.12518192298478
2363,1.0707291191921895
2364,1.0148513973446238
2365,0.9580683352374901
2366,0.9009708989611347
2367,0.8442550038349618
2368,0.7886546660994714
2369,0.7348501607577393
2370,0.6834023358224409
2371,0.6347279453780937
2372,0.5891072459897241
2373,0.5467084907504944
2374,0.5076168846687544
2375,0.47186071474719
2376,0.4394312804957318
2377,0.41029501392406587
2378,0.3843957826830452
2379,0.36164320339036266
2380,0.3418802830287493
2381,0.32482573569375767
2382,0.31000405756031774
2383,0.29671791541600373
2384,0.28415355925970903
2385,0.2716703771675516
2386,0.25917451837949135
2387,0.24730002556633457
2388,0.23722910969447514
2389,0.23042693382935597
2390,0.2286071672923859
2391,0.2338844920867184
2392,0.24893506905544324
2393,0.2769592245123742
2394,0.3211099210573441
2395,0.3830170186756779
2396,0.46073401894148236
2397,0.5478951805234773
2398,0.6357204581298678
2399,0.7164475942694721
2400,0.7853205028529161
2401,0.840497758478222
2402,0.8820603311042059
2403,0.9110855636430293
2404,0.9290585042393399
2405,0.937560835759241
2406,0.9381252838738724
2407,0.93217542233926
2408,0.9210057903778988
2409,0.9057789533043307
2410,0.8875269310937847
2411,0.8671488030493996
2412,0.8453982203525564
2413,0.8228587015908225
2414,0.7999161006020434
2415,0.7767550073587567
2416,0.7534134630708509
2417,0.7299069495562375
2418,0.7063762173987781
2419,0.6831843908136669
2420,0.6609513190492526
2421,0.6405776027782745
2422,0.6232967180067154
2423,0.6107540145207875
2424,0.6050703108744524
2425,0.6087845154569547
2426,0.6245042629035908
2427,0.6541609399061363
2428,0.6980574141196425
2429,0.7540396354674318
2430,0.8169951205024416
2431,0.8794941074002696
2432,0.9344937360027472
2433,0.9783203374548802
2434,1.0111954739967872
2435,1.035700348754622
2436,1.0551051669154523
2437,1.0723884102903922
2438,1.0898200065864385
2439,1.1088300642651758
2440,1.1300112370308928
2441,1.153211148010361
2442,1.1777075269729134
2443,1.2024430151687806
2444,1.2262672469934488
2445,1.2481259953959642
2446,1.2671630323590204
2447,1.2827439010599964
2448,1.2944430263053617
2449,1.3020356041360297
2450,1.3055079619721577
2451,1.3050771043018439
2452,1.3012115982411447
2453,1.2946562120038245
2454,1.2864655343303537
2455,1.278042278734287
2456,1.2711494740113394
2457,1.267818468670547
2458,1.2700179524661548
2459,1.2788946054060817
2460,1.2933544962542183
2461,1.3083015716088098
2462,1.3152255539381947
2463,1.3076507505165398
2464,1.2853964633076993
2465,1.252353216032522
2466,1.2127068491250672
2467,1.1693080726801246
2468,1.1235966994509492
2469,1.0760405875735106
2470,1.0266484059176597
2471,0.9754072591125005
2472,0.922565055447401
2473,0.8687139034514866
2474,0.814700852821358
2475,0.7614575752021623
2476,0.7098461165991716
2477,0.6605707570154208
2478,0.6141553555208644
2479,0.5709614450792052
2480,0.5312220236487061
2481,0.49507518885810947
2482,0.46258988332584045
2483,0.43377940522538644
2484,0.4085982106878854
2485,0.38691647461888573
2486,0.3684684983627673
2487,0.35278184041358257
2488,0.339121659179631
2489,0.3265240954397761
2490,0.31400485155452235
2491,0.3009535695247661
2492,0.2875330535997102
2493,0.2747332358397895
2494,0.2640042714112108
2495,0.25691394648696875
2496,0.25509953238827493
2497,0.26037080551147024
2498,0.27480487739912024
2499,0.3007394445058021
2500,0.34051401721347846
2501,0.3957045539325267
2502,0.46575638028044536
2503,0.5467255258739121
2504,0.6316305905087404
2505,0.7128131653505952
2506,0.7844571062487213
2507,0.8435142577082242
2508,0.8892195478729079
2509,0.9221980115159335
2510,0.9437516011448479
2511,0.955431048359819
2512,0.9588154771153842
2513,0.9554104113711682
2514,0.9466047922139881
2515,0.9336533568661732
2516,0.9176654979282783
2517,0.8995892483164211
2518,0.8801845849510718
2519,0.8599890939221737
2520,0.8392941039305959
2521,0.818165078619373
2522,0.7965389177842498
2523,0.7743914146025981
2524,0.7518987857080999
2525,0.7295096745735421
2526,0.7079414320420362
2527,0.6881671357717932
2528,0.671424508730276
2529,0.6592428983482741
2530,0.6534661333975851
2531,0.6562208962315292
2532,0.669732268863518
2533,0.6958655911784393
2534,0.735363847040109
2535,0.7868895508820601
2536,0.8460934232792487
2537,0.9056532389578111
2538,0.9577713358763396
2539,0.9978469094965544
2540,1.0257127790876692
2541,1.0440963887539905
2542,1.0566405787851336
2543,1.0667283233577292
2544,1.0770165937368419
2545,1.0893145625538445
2546,1.1045941061237337
2547,1.1230663982016709
2548,1.1443200999259404
2549,1.1675152380615308
2550,1.1915985203069195
2551,1.215487526076011
2552,1.2381846867431188
2553,1.258821381711157
2554,1.2766705599147472
2555,1.2911722262245546
2556,1.3019836012128256
2557,1.309033619510183
2558,1.3125615495628438
2559,1.3131356607470244
2560,1.3116576535870197
2561,1.3093554939505123
2562,1.3077490008334343
2563,1.3085320323254843
2564,1.313242854289086
2565,1.3224911867578246
2566,1.3344904607669985
2567,1.3434800695213396
2568,1.341227564127975
2569,1.3232293663133265
2570,1.29176646446941
2571,1.2522103044596486
2572,1.209214762586948
2573,1.1655643413227568
2574,1.122377436635931
2575,1.0796241304028313
2576,1.0366465624988879
2577,0.9926231584037498
2578,0.9469430577187008
2579,0.8994359560830976
2580,0.8504167788238299
2581,0.8005688731121019
2582,0.75075211494961
2583,0.7018280957575687
2584,0.6545501478257902
2585,0.6095179421123333
2586,0.5671738812002002
2587,0.5278189941021297
2588,0.49163409787304874
2589,0.4586978105754402
2590,0.4289957730293487
2591,0.40241726465643346
2592,0.37873843589253575
2593,0.357598437573676
2594,0.3384888895640944
2595,0.32079668232743797
2596,0.30394830881493623
2597,0.2876657817368854
2598,0.27222980645785805
2599,0.2585289263837596
2600,0.2478358840950959
2601,0.2415892631565419
2602,0.2413292523198733
2603,0.24867003068661966
2604,0.265225642227658
2605,0.29250304050328113
2606,0.3317693459407298
2607,0.3838008704195405
2608,0.4483562040882311
2609,0.5234059767092597
2610,0.604661573067209
2611,0.6861869092795848
2612,0.7620569577468931
2613,0.8279206646609366
2614,0.8815391359913364
2615,0.9224324024488498
2616,0.9512360705937642
2617,0.96915782271908
2618,0.9776289762932433
2619,0.9781118518182297
2620,0.9720024154767611
2621,0.9605832184094418
2622,0.9449993871006078
2623,0.926242535791638
2624,0.905135524231619
2625,0.8823184130949204
2626,0.8582451677023715
2627,0.8332099036001728
2628,0.8074218463338838
2629,0.7811255012834176
2630,0.7547186674666301
2631,0.7288139342042973
2632,0.7042503606898769
2633,0.6820911427449138
2634,0.6636159896414073
2635,0.6502994277535915
2636,0.6437698248767493
2637,0.6457456395105327
2638,0.6579259265340572
2639,0.6817751479365438
2640,0.7181175465160616
2641,0.766453163748409
2642,0.8239409536551343
2643,0.8845151607496037
2644,0.9398851619553809
2645,0.983271105170268
2646,1.012527041754032
2647,1.0296923674912888
2648,1.0386967573438988
2649,1.0436024949726694
2650,1.0478328868663056
2651,1.0539588114440754
2652,1.0636798560142935
2653,1.0778508310350383
2654,1.0965342530182647
2655,1.1191049147037564
2656,1.1444213730966961
2657,1.1710420260548688
2658,1.1974380250139478
2659,1.2221653868979934
2660,1.2439924132420894
2661,1.2619984928005177
2662,1.2756481612207433
2663,1.284829616415354
2664,1.289854626613865
2665,1.2914297405797173
2666,1.29061107994187
2667,1.2887487269804172
2668,1.287415058854525
2669,1.288288918485754
2670,1.2929193103098175
2671,1.3021970252697663
2672,1.315244813844494
2673,1.3277409576340742
2674,1.3317695967893217
2675,1.3208177553707197
2676,1.2953375646322394
2677,1.2607620499446317
2678,1.2226972050223508
2679,1.1848126531321086
2680,1.148753841830856
2681,1.1146180547336542
2682,1.0814778636562203
2683,1.0478697034980125
2684,1.0122567553263173
2685,0.9734552703210511
2686,0.9309528279737935
2687,0.8850157818368697
2688,0.8365511221451519
2689,0.7868138901815204
2690,0.7371098263667533
2691,0.688593159861129
2692,0.6421757512771643
2693,0.598515547454709
2694,0.5580444689954842
2695,0.5210056513919871
2696,0.48748211915129375
2697,0.45740871932653665
2698,0.43056706043414983
2699,0.40657195666329143
2700,0.3848698007716045
2701,0.3647832843559544
2702,0.3456437564240924
2703,0.3270309076176449
2704,0.3090585460437622
2705,0.29251096038465135
2706,0.2786544236886524
2707,0.26890644570127875
2708,0.26463675598561837
2709,0.26705203017287116
2710,0.2770780329434094
2711,0.2953026296796522
2712,0.32206920910608533
2713,0.3576952466944674
2714,0.4026507172986011
2715,0.45745315302200895
2716,0.5220695800560732
2717,0.5949096909490367
2718,0.6721230500860853
2719,0.7481740321232789
2720,0.817602717734323
2721,0.8765995321339008
2722,0.9234346678780189
2723,0.9580125334080123
2724,0.9812124405562541
2725,0.9943741659662534
2726,0.9989845390331948
2727,0.9965086766288096
2728,0.9883028917939896
2729,0.9755671615599735
2730,0.959314802414991
2731,0.9403517938588383
2732,0.9192702276844137
2733,0.8964702737773687
2734,0.872228512755394
2735,0.8468168792436631
2736,0.8206371151141963
2737,0.7943041310313039
2738,0.7686549007416954
2739,0.7447166727023892
2740,0.7236553129332227
2741,0.706705240436254
2742,0.6950949444986809
2743,0.6899985183598116
2744,0.6925352630749998
2745,0.7038028604751924
2746,0.7248765048154114
2747,0.756645954650279
2748,0.7993062652511216
2749,0.8513178493769116
2750,0.9080257293906435
2751,0.9614870431029021
2752,1.0036114879942366
2753,1.0305433136377276
2754,1.0435275837399838
2755,1.046573254914863
2756,1.0441575918915675
2757,1.0401477548464828
2758,1.0375262802141028
2759,1.0384114573380987
2760,1.044131825104913
2761,1.0552915945075922
2762,1.071835766861194
2763,1.0931356451669783
2764,1.1181003627135524
2765,1.1453063214713697
2766,1.1731427453324752
2767,1.1999870854202552
2768,1.224411293319504
2769,1.2453763391502433
2770,1.2623566008358527
2771,1.2753679286714164
2772,1.2849126506430188
2773,1.291873986020548
2774,1.2973912250023936
2775,1.3027314159635695
2776,1.3091428865773473
2777,1.3176207580653423
2778,1.3284193421825505
2779,1.3400590663596192
2780,1.3479455987726112
2781,1.344648952991652
2782,1.3249745690552728
2783,1.2910294560467086
2784,1.2495941892688864
2785,1.2070871098548983
2786,1.1676180491325197
2787,1.1330573335958039
2788,1.10355511898445
2789,1.078054602548996
2790,1.0547487795699244
2791,1.031485262922147
2792,1.0061355991923964
2793,0.9769500681313803
2794,0.9428768734051086
2795,0.9037553904792809
2796,0.8602855722693488
2797,0.8137732899446386
2798,0.76577032861121
2799,0.7177573473074103
