ds,temps
2017-05-01 00:00:00,27.8
2017-05-01 00:05:00,27.0
2017-05-01 00:10:00,26.8
2017-05-01 00:15:00,26.5
2017-05-01 00:20:00,25.6
2017-05-01 00:25:00,25.0
2017-05-01 00:30:00,24.9
2017-05-01 00:35:00,24.1
2017-05-01 00:40:00,23.7
2017-05-01 00:45:00,23.2
2017-05-01 00:50:00,22.6
2017-05-01 00:55:00,21.5
2017-05-01 01:00:00,20.8
2017-05-01 01:05:00,20.1
2017-05-01 01:10:00,19.1
2017-05-01 01:15:00,17.9
2017-05-01 01:20:00,17.5
2017-05-01 01:25:00,16.6
2017-05-01 01:30:00,16.2
2017-05-01 01:35:00,15.5
2017-05-01 01:40:00,14.9
2017-05-01 01:45:00,14.5
2017-05-01 01:50:00,14.2
2017-05-01 01:55:00,13.6
2017-05-01 02:00:00,13.4
2017-05-01 02:05:00,13.0
2017-05-01 02:10:00,12.6
2017-05-01 02:15:00,12.3
2017-05-01 02:20:00,12.0
2017-05-01 02:25:00,11.8
2017-05-01 02:30:00,11.5
2017-05-01 02:35:00,11.2
2017-05-01 02:40:00,11.1
2017-05-01 02:45:00,10.9
2017-05-01 02:50:00,10.6
2017-05-01 02:55:00,10.4
2017-05-01 03:00:00,10.2
2017-05-01 03:05:00,10.0
2017-05-01 03:10:00,9.9
2017-05-01 03:15:00,9.8
2017-05-01 03:20:00,9.6
2017-05-01 03:25:00,9.4
2017-05-01 03:30:00,9.3
2017-05-01 03:35:00,9.1
2017-05-01 03:40:00,9.0
2017-05-01 03:45:00,9.0
2017-05-01 03:50:00,8.9
2017-05-01 03:55:00,8.8
2017-05-01 04:00:00,8.6
2017-05-01 04:05:00,8.5
2017-05-01 04:10:00,8.5
2017-05-01 04:15:00,8.4
2017-05-01 04:20:00,8.3
2017-05-01 04:25:00,8.2
2017-05-01 04:30:00,8.2
2017-05-01 04:35:00,8.1
2017-05-01 04:40:00,8.0
2017-05-01 04:45:00,7.9
2017-05-01 04:50:00,7.8
2017-05-01 04:55:00,7.7
2017-05-01 05:00:00,7.7
2017-05-01 05:05:00,7.6
2017-05-01 05:10:00,7.5
2017-05-01 05:15:00,7.4
2017-05-01 05:20:00,7.4
2017-05-01 05:25:00,7.4
2017-05-01 05:30:00,7.3
2017-05-01 05:35:00,7.3
2017-05-01 05:40:00,7.0
2017-05-01 05:45:00,7.0
2017-05-01 05:50:00,7.0
2017-05-01 05:55:00,6.9
2017-05-01 06:00:00,7.0
2017-05-01 06:05:00,7.0
2017-05-01 06:10:00,6.8
2017-05-01 06:15:00,6.8
2017-05-01 06:20:00,6.7
2017-05-01 06:25:00,6.7
2017-05-01 06:30:00,6.7
2017-05-01 06:35:00,6.7
2017-05-01 06:40:00,6.6
2017-05-01 06:45:00,6.4
2017-05-01 06:50:00,6.2
2017-05-01 06:55:00,6.1
2017-05-01 07:00:00,6.0
2017-05-01 07:05:00,5.9
2017-05-01 07:10:00,5.7
2017-05-01 07:15:00,5.5
2017-05-01 07:20:00,5.4
2017-05-01 07:25:00,5.3
2017-05-01 07:30:00,5.2
2017-05-01 07:35:00,5.1
2017-05-01 07:40:00,5.0
2017-05-01 07:45:00,5.0
2017-05-01 07:50:00,4.9
2017-05-01 07:55:00,4.9
2017-05-01 08:00:00,4.8
2017-05-01 08:05:00,4.7
2017-05-01 08:10:00,4.8
2017-05-01 08:15:00,4.8
2017-05-01 08:20:00,4.8
2017-05-01 08:25:00,4.7
2017-05-01 08:30:00,4.6
2017-05-01 08:35:00,4.6
2017-05-01 08:40:00,4.6
2017-05-01 08:45:00,4.6
2017-05-01 08:50:00,4.6
2017-05-01 08:55:00,4.4
2017-05-01 09:00:00,4.3
2017-05-01 09:05:00,4.3
2017-05-01 09:10:00,4.2
2017-05-01 09:15:00,4.1
2017-05-01 09:20:00,4.0
2017-05-01 09:25:00,4.0
2017-05-01 09:30:00,4.1
2017-05-01 09:35:00,3.9
2017-05-01 09:40:00,3.8
2017-05-01 09:45:00,3.8
2017-05-01 09:50:00,3.9
2017-05-01 09:55:00,3.9
2017-05-01 10:00:00,3.8
2017-05-01 10:05:00,3.9
2017-05-01 10:10:00,3.9
2017-05-01 10:15:00,3.8
2017-05-01 10:20:00,3.6
2017-05-01 10:25:00,3.6
2017-05-01 10:30:00,3.5
2017-05-01 10:35:00,3.4
2017-05-01 10:40:00,3.3
2017-05-01 10:45:00,3.2
2017-05-01 10:50:00,3.3
2017-05-01 10:55:00,3.4
2017-05-01 11:00:00,3.3
2017-05-01 11:05:00,3.3
2017-05-01 11:10:00,3.4
2017-05-01 11:15:00,3.5
2017-05-01 11:20:00,3.4
2017-05-01 11:25:00,3.3
2017-05-01 11:30:00,3.3
2017-05-01 11:35:00,3.5
2017-05-01 11:40:00,3.6
2017-05-01 11:45:00,3.4
2017-05-01 11:50:00,3.4
2017-05-01 11:55:00,3.4
2017-05-01 12:00:00,3.7
2017-05-01 12:05:00,3.8
2017-05-01 12:10:00,3.9
2017-05-01 12:15:00,3.9
2017-05-01 12:20:00,3.8
2017-05-01 12:25:00,3.7
2017-05-01 12:30:00,3.7
2017-05-01 12:35:00,3.8
2017-05-01 12:40:00,3.7
2017-05-01 12:45:00,3.6
2017-05-01 12:50:00,3.6
2017-05-01 12:55:00,3.6
2017-05-01 13:00:00,3.5
2017-05-01 13:05:00,3.5
2017-05-01 13:10:00,3.7
2017-05-01 13:15:00,3.6
2017-05-01 13:20:00,3.6
2017-05-01 13:25:00,3.8
2017-05-01 13:30:00,3.9
2017-05-01 13:35:00,4.0
2017-05-01 13:40:00,3.9
2017-05-01 13:45:00,4.0
2017-05-01 13:50:00,4.0
2017-05-01 13:55:00,4.0
2017-05-01 14:00:00,4.2
2017-05-01 14:05:00,4.2
2017-05-01 14:10:00,4.3
2017-05-01 14:15:00,4.3
2017-05-01 14:20:00,4.2
2017-05-01 14:25:00,4.4
2017-05-01 14:30:00,4.5
2017-05-01 14:35:00,4.7
2017-05-01 14:40:00,4.8
2017-05-01 14:45:00,5.0
2017-05-01 14:50:00,5.1
2017-05-01 14:55:00,5.3
2017-05-01 15:00:00,5.6
2017-05-01 15:05:00,6.0
2017-05-01 15:10:00,6.4
2017-05-01 15:15:00,6.6
2017-05-01 15:20:00,7.1
2017-05-01 15:25:00,7.8
2017-05-01 15:30:00,8.2
2017-05-01 15:35:00,8.6
2017-05-01 15:40:00,9.5
2017-05-01 15:45:00,9.9
2017-05-01 15:50:00,10.7
2017-05-01 15:55:00,11.2
2017-05-01 16:00:00,12.1
2017-05-01 16:05:00,12.8
2017-05-01 16:10:00,13.6
2017-05-01 16:15:00,14.2
2017-05-01 16:20:00,15.0
2017-05-01 16:25:00,15.7
2017-05-01 16:30:00,16.4
2017-05-01 16:35:00,16.9
2017-05-01 16:40:00,17.5
2017-05-01 16:45:00,18.3
2017-05-01 16:50:00,18.7
2017-05-01 16:55:00,19.7
2017-05-01 17:00:00,20.5
2017-05-01 17:05:00,21.2
2017-05-01 17:10:00,21.6
2017-05-01 17:15:00,22.1
2017-05-01 17:20:00,22.9
2017-05-01 17:25:00,24.1
2017-05-01 17:30:00,24.6
2017-05-01 17:35:00,25.1
2017-05-01 17:40:00,25.2
2017-05-01 17:45:00,26.0
2017-05-01 17:50:00,26.1
2017-05-01 17:55:00,26.7
2017-05-01 18:00:00,27.5
2017-05-01 18:05:00,28.3
2017-05-01 18:10:00,29.0
2017-05-01 18:15:00,29.4
2017-05-01 18:20:00,29.9
2017-05-01 18:25:00,30.7
2017-05-01 18:30:00,31.1
2017-05-01 18:35:00,31.5
2017-05-01 18:40:00,32.3
2017-05-01 18:45:00,32.4
2017-05-01 18:50:00,32.4
2017-05-01 18:55:00,33.1
2017-05-01 19:00:00,33.7
2017-05-01 19:05:00,33.8
2017-05-01 19:10:00,33.7
2017-05-01 19:15:00,34.2
2017-05-01 19:20:00,34.4
2017-05-01 19:25:00,34.8
2017-05-01 19:30:00,35.2
2017-05-01 19:35:00,35.3
2017-05-01 19:40:00,35.2
2017-05-01 19:45:00,35.7
2017-05-01 19:50:00,36.0
2017-05-01 19:55:00,36.3
2017-05-01 20:00:00,36.5
2017-05-01 20:05:00,36.4
2017-05-01 20:10:00,36.0
2017-05-01 20:15:00,36.3
2017-05-01 20:20:00,37.1
2017-05-01 20:25:00,37.0
2017-05-01 20:30:00,36.2
2017-05-01 20:35:00,37.0
2017-05-01 20:40:00,37.3
2017-05-01 20:45:00,38.0
2017-05-01 20:50:00,37.1
2017-05-01 20:55:00,36.9
2017-05-01 21:00:00,37.4
2017-05-01 21:05:00,37.8
2017-05-01 21:10:00,38.2
2017-05-01 21:15:00,37.5
2017-05-01 21:20:00,37.6
2017-05-01 21:25:00,37.8
2017-05-01 21:30:00,37.9
2017-05-01 21:35:00,37.5
2017-05-01 21:40:00,36.6
2017-05-01 21:45:00,36.4
2017-05-01 21:50:00,37.0
2017-05-01 21:55:00,36.8
2017-05-01 22:00:00,36.9
2017-05-01 22:05:00,36.5
2017-05-01 22:10:00,36.2
2017-05-01 22:15:00,35.8
2017-05-01 22:20:00,35.4
2017-05-01 22:25:00,35.2
2017-05-01 22:30:00,35.8
2017-05-01 22:35:00,35.6
2017-05-01 22:40:00,35.5
2017-05-01 22:45:00,35.6
2017-05-01 22:50:00,34.8
2017-05-01 22:55:00,34.5
2017-05-01 23:00:00,34.2
2017-05-01 23:05:00,34.0
2017-05-01 23:10:00,33.5
2017-05-01 23:15:00,33.3
2017-05-01 23:20:00,32.6
2017-05-01 23:25:00,32.2
2017-05-01 23:30:00,32.2
2017-05-01 23:35:00,31.3
2017-05-01 23:40:00,31.2
2017-05-01 23:45:00,30.5
2017-05-01 23:50:00,30.7
2017-05-01 23:55:00,30.1
2017-05-02 00:00:00,29.4
2017-05-02 00:05:00,28.9
2017-05-02 00:10:00,29.3
2017-05-02 00:15:00,29.1
2017-05-02 00:20:00,28.3
2017-05-02 00:25:00,27.5
2017-05-02 00:30:00,27.2
2017-05-02 00:35:00,26.5
2017-05-02 00:40:00,25.6
2017-05-02 00:45:00,25.3
2017-05-02 00:50:00,24.6
2017-05-02 00:55:00,23.4
2017-05-02 01:00:00,23.0
2017-05-02 01:05:00,22.5
2017-05-02 01:10:00,21.7
2017-05-02 01:15:00,20.7
2017-05-02 01:20:00,19.9
2017-05-02 01:25:00,19.1
2017-05-02 01:30:00,18.0
2017-05-02 01:35:00,17.4
2017-05-02 01:40:00,17.1
2017-05-02 01:45:00,16.8
2017-05-02 01:50:00,16.4
2017-05-02 01:55:00,15.8
2017-05-02 02:00:00,15.4
2017-05-02 02:05:00,15.1
2017-05-02 02:10:00,14.9
2017-05-02 02:15:00,14.5
2017-05-02 02:20:00,14.2
2017-05-02 02:25:00,13.8
2017-05-02 02:30:00,13.7
2017-05-02 02:35:00,13.3
2017-05-02 02:40:00,13.0
2017-05-02 02:45:00,12.7
2017-05-02 02:50:00,12.5
2017-05-02 02:55:00,12.3
2017-05-02 03:00:00,12.1
2017-05-02 03:05:00,12.0
2017-05-02 03:10:00,11.8
2017-05-02 03:15:00,11.7
2017-05-02 03:20:00,11.5
2017-05-02 03:25:00,11.4
2017-05-02 03:30:00,11.2
2017-05-02 03:35:00,11.1
2017-05-02 03:40:00,11.1
2017-05-02 03:45:00,11.0
2017-05-02 03:50:00,10.9
2017-05-02 03:55:00,10.8
2017-05-02 04:00:00,10.7
2017-05-02 04:05:00,10.6
2017-05-02 04:10:00,10.4
2017-05-02 04:15:00,10.4
2017-05-02 04:20:00,10.4
2017-05-02 04:25:00,10.3
2017-05-02 04:30:00,10.1
2017-05-02 04:35:00,9.9
2017-05-02 04:40:00,9.8
2017-05-02 04:45:00,9.7
2017-05-02 04:50:00,9.6
2017-05-02 04:55:00,9.6
2017-05-02 05:00:00,9.6
2017-05-02 05:05:00,9.5
2017-05-02 05:10:00,9.5
2017-05-02 05:15:00,9.3
2017-05-02 05:20:00,9.2
2017-05-02 05:25:00,9.2
2017-05-02 05:30:00,9.1
2017-05-02 05:35:00,9.1
2017-05-02 05:40:00,8.8
2017-05-02 05:45:00,8.6
2017-05-02 05:50:00,8.5
2017-05-02 05:55:00,8.6
2017-05-02 06:00:00,8.4
2017-05-02 06:05:00,8.4
2017-05-02 06:10:00,8.5
2017-05-02 06:15:00,8.4
2017-05-02 06:20:00,8.3
2017-05-02 06:25:00,8.0
2017-05-02 06:30:00,7.9
2017-05-02 06:35:00,7.7
2017-05-02 06:40:00,7.4
2017-05-02 06:45:00,7.3
2017-05-02 06:50:00,7.1
2017-05-02 06:55:00,7.0
2017-05-02 07:00:00,7.0
2017-05-02 07:05:00,7.0
2017-05-02 07:10:00,6.9
2017-05-02 07:15:00,6.9
2017-05-02 07:20:00,6.9
2017-05-02 07:25:00,7.0
2017-05-02 07:30:00,6.8
2017-05-02 07:35:00,6.7
2017-05-02 07:40:00,6.5
2017-05-02 07:45:00,6.5
2017-05-02 07:50:00,6.5
2017-05-02 07:55:00,6.5
2017-05-02 08:00:00,6.4
2017-05-02 08:05:00,6.3
2017-05-02 08:10:00,6.1
2017-05-02 08:15:00,6.1
2017-05-02 08:20:00,6.3
2017-05-02 08:25:00,6.3
2017-05-02 08:30:00,6.1
2017-05-02 08:35:00,6.2
2017-05-02 08:40:00,6.1
2017-05-02 08:45:00,5.9
2017-05-02 08:50:00,5.9
2017-05-02 08:55:00,6.0
2017-05-02 09:00:00,5.9
2017-05-02 09:05:00,5.9
2017-05-02 09:10:00,6.1
2017-05-02 09:15:00,6.2
2017-05-02 09:20:00,6.2
2017-05-02 09:25:00,6.2
2017-05-02 09:30:00,6.2
2017-05-02 09:35:00,6.2
2017-05-02 09:40:00,6.2
2017-05-02 09:45:00,6.1
2017-05-02 09:50:00,6.1
2017-05-02 09:55:00,6.0
2017-05-02 10:00:00,6.0
2017-05-02 10:05:00,6.1
2017-05-02 10:10:00,6.1
2017-05-02 10:15:00,6.2
2017-05-02 10:20:00,6.3
2017-05-02 10:25:00,6.2
2017-05-02 10:30:00,6.3
2017-05-02 10:35:00,6.3
2017-05-02 10:40:00,6.2
2017-05-02 10:45:00,6.1
2017-05-02 10:50:00,6.1
2017-05-02 10:55:00,6.1
2017-05-02 11:00:00,6.1
2017-05-02 11:05:00,6.1
2017-05-02 11:10:00,5.9
2017-05-02 11:15:00,6.0
2017-05-02 11:20:00,6.1
2017-05-02 11:25:00,6.1
2017-05-02 11:30:00,6.0
2017-05-02 11:35:00,5.9
2017-05-02 11:40:00,5.8
2017-05-02 11:45:00,5.7
2017-05-02 11:50:00,5.8
2017-05-02 11:55:00,5.7
2017-05-02 12:00:00,5.7
2017-05-02 12:05:00,5.8
2017-05-02 12:10:00,5.7
2017-05-02 12:15:00,5.7
2017-05-02 12:20:00,5.7
2017-05-02 12:25:00,5.6
2017-05-02 12:30:00,5.6
2017-05-02 12:35:00,5.4
2017-05-02 12:40:00,5.3
2017-05-02 12:45:00,5.2
2017-05-02 12:50:00,5.1
2017-05-02 12:55:00,5.1
2017-05-02 13:00:00,5.0
2017-05-02 13:05:00,5.0
2017-05-02 13:10:00,4.9
2017-05-02 13:15:00,4.8
2017-05-02 13:20:00,4.9
2017-05-02 13:25:00,5.0
2017-05-02 13:30:00,5.1
2017-05-02 13:35:00,5.0
2017-05-02 13:40:00,5.1
2017-05-02 13:45:00,5.2
2017-05-02 13:50:00,5.3
2017-05-02 13:55:00,5.4
2017-05-02 14:00:00,5.5
2017-05-02 14:05:00,5.5
2017-05-02 14:10:00,5.7
2017-05-02 14:15:00,5.7
2017-05-02 14:20:00,5.8
2017-05-02 14:25:00,5.9
2017-05-02 14:30:00,6.1
2017-05-02 14:35:00,6.2
2017-05-02 14:40:00,6.4
2017-05-02 14:45:00,6.5
2017-05-02 14:50:00,6.8
2017-05-02 14:55:00,7.0
2017-05-02 15:00:00,7.4
2017-05-02 15:05:00,7.6
2017-05-02 15:10:00,8.0
2017-05-02 15:15:00,8.3
2017-05-02 15:20:00,8.8
2017-05-02 15:25:00,9.3
2017-05-02 15:30:00,9.7
2017-05-02 15:35:00,10.6
2017-05-02 15:40:00,11.0
2017-05-02 15:45:00,11.6
2017-05-02 15:50:00,12.2
2017-05-02 15:55:00,12.8
2017-05-02 16:00:00,13.5
2017-05-02 16:05:00,14.1
2017-05-02 16:10:00,14.8
2017-05-02 16:15:00,15.9
2017-05-02 16:20:00,16.6
2017-05-02 16:25:00,16.9
2017-05-02 16:30:00,17.6
2017-05-02 16:35:00,18.7
2017-05-02 16:40:00,18.8
2017-05-02 16:45:00,19.5
2017-05-02 16:50:00,20.0
2017-05-02 16:55:00,20.5
2017-05-02 17:00:00,21.8
2017-05-02 17:05:00,22.2
2017-05-02 17:10:00,22.9
2017-05-02 17:15:00,23.6
2017-05-02 17:20:00,24.6
2017-05-02 17:25:00,25.2
2017-05-02 17:30:00,25.5
2017-05-02 17:35:00,26.3
2017-05-02 17:40:00,26.9
2017-05-02 17:45:00,27.7
2017-05-02 17:50:00,28.5
2017-05-02 17:55:00,28.7
2017-05-02 18:00:00,29.3
2017-05-02 18:05:00,29.8
2017-05-02 18:10:00,30.2
2017-05-02 18:15:00,30.8
2017-05-02 18:20:00,31.3
2017-05-02 18:25:00,32.1
2017-05-02 18:30:00,32.5
2017-05-02 18:35:00,33.4
2017-05-02 18:40:00,33.4
2017-05-02 18:45:00,33.4
2017-05-02 18:50:00,34.2
2017-05-02 18:55:00,34.4
2017-05-02 19:00:00,34.7
2017-05-02 19:05:00,35.6
2017-05-02 19:10:00,35.4
2017-05-02 19:15:00,35.9
2017-05-02 19:20:00,36.0
2017-05-02 19:25:00,36.3
2017-05-02 19:30:00,37.0
2017-05-02 19:35:00,36.6
2017-05-02 19:40:00,37.6
2017-05-02 19:45:00,37.4
2017-05-02 19:50:00,37.6
2017-05-02 19:55:00,38.2
2017-05-02 20:00:00,38.1
2017-05-02 20:05:00,38.4
2017-05-02 20:10:00,38.7
2017-05-02 20:15:00,39.2
2017-05-02 20:20:00,38.9
2017-05-02 20:25:00,39.0
2017-05-02 20:30:00,39.0
2017-05-02 20:35:00,39.1
2017-05-02 20:40:00,38.6
2017-05-02 20:45:00,39.0
2017-05-02 20:50:00,39.5
2017-05-02 20:55:00,39.7
2017-05-02 21:00:00,39.8
2017-05-02 21:05:00,39.6
2017-05-02 21:10:00,39.3
2017-05-02 21:15:00,39.0
2017-05-02 21:20:00,39.5
2017-05-02 21:25:00,39.3
2017-05-02 21:30:00,39.2
2017-05-02 21:35:00,38.5
2017-05-02 21:40:00,38.4
2017-05-02 21:45:00,39.1
2017-05-02 21:50:00,38.9
2017-05-02 21:55:00,38.6
2017-05-02 22:00:00,38.3
2017-05-02 22:05:00,38.8
2017-05-02 22:10:00,38.4
2017-05-02 22:15:00,37.8
2017-05-02 22:20:00,38.4
2017-05-02 22:25:00,37.7
2017-05-02 22:30:00,38.2
2017-05-02 22:35:00,37.4
2017-05-02 22:40:00,35.8
2017-05-02 22:45:00,34.6
2017-05-02 22:50:00,35.6
2017-05-02 22:55:00,36.6
2017-05-02 23:00:00,35.8
2017-05-02 23:05:00,35.6
2017-05-02 23:10:00,35.6
2017-05-02 23:15:00,35.1
2017-05-02 23:20:00,34.9
2017-05-02 23:25:00,34.5
2017-05-02 23:30:00,33.7
2017-05-02 23:35:00,33.2
2017-05-02 23:40:00,33.2
2017-05-02 23:45:00,32.3
2017-05-02 23:50:00,31.6
2017-05-02 23:55:00,31.6
2017-05-03 00:00:00,31.3
2017-05-03 00:05:00,31.0
2017-05-03 00:10:00,30.0
2017-05-03 00:15:00,30.3
2017-05-03 00:20:00,29.8
2017-05-03 00:25:00,29.0
2017-05-03 00:30:00,28.8
2017-05-03 00:35:00,27.6
2017-05-03 00:40:00,27.1
2017-05-03 00:45:00,27.0
2017-05-03 00:50:00,26.0
2017-05-03 00:55:00,25.6
2017-05-03 01:00:00,24.5
2017-05-03 01:05:00,23.3
2017-05-03 01:10:00,22.4
2017-05-03 01:15:00,21.7
2017-05-03 01:20:00,21.2
2017-05-03 01:25:00,20.4
2017-05-03 01:30:00,19.8
2017-05-03 01:35:00,19.4
2017-05-03 01:40:00,18.7
2017-05-03 01:45:00,18.3
2017-05-03 01:50:00,17.7
2017-05-03 01:55:00,17.2
2017-05-03 02:00:00,16.8
2017-05-03 02:05:00,16.5
2017-05-03 02:10:00,16.3
2017-05-03 02:15:00,15.9
2017-05-03 02:20:00,15.7
2017-05-03 02:25:00,15.4
2017-05-03 02:30:00,15.2
2017-05-03 02:35:00,14.9
2017-05-03 02:40:00,14.5
2017-05-03 02:45:00,14.3
2017-05-03 02:50:00,14.0
2017-05-03 02:55:00,13.8
2017-05-03 03:00:00,13.5
2017-05-03 03:05:00,13.4
2017-05-03 03:10:00,13.3
2017-05-03 03:15:00,13.1
2017-05-03 03:20:00,13.0
2017-05-03 03:25:00,12.7
2017-05-03 03:30:00,12.6
2017-05-03 03:35:00,12.6
2017-05-03 03:40:00,12.5
2017-05-03 03:45:00,12.4
2017-05-03 03:50:00,12.3
2017-05-03 03:55:00,12.2
2017-05-03 04:00:00,12.2
2017-05-03 04:05:00,12.1
2017-05-03 04:10:00,12.1
2017-05-03 04:15:00,11.9
2017-05-03 04:20:00,11.9
2017-05-03 04:25:00,11.9
2017-05-03 04:30:00,11.8
2017-05-03 04:35:00,11.7
2017-05-03 04:40:00,11.7
2017-05-03 04:45:00,11.6
2017-05-03 04:50:00,11.5
2017-05-03 04:55:00,11.5
2017-05-03 05:00:00,11.4
2017-05-03 05:05:00,11.2
2017-05-03 05:10:00,11.2
2017-05-03 05:15:00,11.1
2017-05-03 05:20:00,11.1
2017-05-03 05:25:00,11.1
2017-05-03 05:30:00,11.0
2017-05-03 05:35:00,10.9
2017-05-03 05:40:00,10.9
2017-05-03 05:45:00,10.7
2017-05-03 05:50:00,10.6
2017-05-03 05:55:00,10.4
2017-05-03 06:00:00,10.4
2017-05-03 06:05:00,10.2
2017-05-03 06:10:00,10.1
2017-05-03 06:15:00,10.0
2017-05-03 06:20:00,9.9
2017-05-03 06:25:00,9.9
2017-05-03 06:30:00,9.9
2017-05-03 06:35:00,9.7
2017-05-03 06:40:00,9.6
2017-05-03 06:45:00,9.5
2017-05-03 06:50:00,9.2
2017-05-03 06:55:00,9.2
2017-05-03 07:00:00,9.2
2017-05-03 07:05:00,9.0
2017-05-03 07:10:00,8.9
2017-05-03 07:15:00,8.8
2017-05-03 07:20:00,8.9
2017-05-03 07:25:00,9.0
2017-05-03 07:30:00,9.0
2017-05-03 07:35:00,8.9
2017-05-03 07:40:00,8.9
2017-05-03 07:45:00,8.7
2017-05-03 07:50:00,8.6
2017-05-03 07:55:00,8.6
2017-05-03 08:00:00,8.7
2017-05-03 08:05:00,8.8
2017-05-03 08:10:00,8.8
2017-05-03 08:15:00,8.8
2017-05-03 08:20:00,9.0
2017-05-03 08:25:00,8.9
2017-05-03 08:30:00,8.9
2017-05-03 08:35:00,9.0
2017-05-03 08:40:00,9.0
2017-05-03 08:45:00,9.0
2017-05-03 08:50:00,8.9
2017-05-03 08:55:00,8.8
2017-05-03 09:00:00,8.6
2017-05-03 09:05:00,8.6
2017-05-03 09:10:00,8.4
2017-05-03 09:15:00,8.5
2017-05-03 09:20:00,8.5
2017-05-03 09:25:00,8.5
2017-05-03 09:30:00,8.4
2017-05-03 09:35:00,8.4
2017-05-03 09:40:00,8.3
2017-05-03 09:45:00,8.3
2017-05-03 09:50:00,8.3
2017-05-03 09:55:00,8.3
2017-05-03 10:00:00,8.2
2017-05-03 10:05:00,8.0
2017-05-03 10:10:00,7.9
2017-05-03 10:15:00,7.9
2017-05-03 10:20:00,7.9
2017-05-03 10:25:00,7.8
2017-05-03 10:30:00,7.7
2017-05-03 10:35:00,7.6
2017-05-03 10:40:00,7.4
2017-05-03 10:45:00,7.2
2017-05-03 10:50:00,7.1
2017-05-03 10:55:00,7.0
2017-05-03 11:00:00,7.0
2017-05-03 11:05:00,6.9
2017-05-03 11:10:00,6.8
2017-05-03 11:15:00,6.7
2017-05-03 11:20:00,6.7
2017-05-03 11:25:00,6.6
2017-05-03 11:30:00,6.6
2017-05-03 11:35:00,6.5
2017-05-03 11:40:00,6.4
2017-05-03 11:45:00,6.4
2017-05-03 11:50:00,6.3
2017-05-03 11:55:00,6.3
2017-05-03 12:00:00,6.3
2017-05-03 12:05:00,6.2
2017-05-03 12:10:00,6.3
2017-05-03 12:15:00,6.4
2017-05-03 12:20:00,6.4
2017-05-03 12:25:00,6.5
2017-05-03 12:30:00,6.6
2017-05-03 12:35:00,6.6
2017-05-03 12:40:00,6.6
2017-05-03 12:45:00,6.4
2017-05-03 12:50:00,6.2
2017-05-03 12:55:00,6.2
2017-05-03 13:00:00,6.1
2017-05-03 13:05:00,6.1
2017-05-03 13:10:00,6.1
2017-05-03 13:15:00,6.1
2017-05-03 13:20:00,6.1
2017-05-03 13:25:00,6.1
2017-05-03 13:30:00,6.2
2017-05-03 13:35:00,6.2
2017-05-03 13:40:00,6.2
2017-05-03 13:45:00,6.4
2017-05-03 13:50:00,6.4
2017-05-03 13:55:00,6.5
2017-05-03 14:00:00,6.5
2017-05-03 14:05:00,6.5
2017-05-03 14:10:00,6.6
2017-05-03 14:15:00,6.7
2017-05-03 14:20:00,6.6
2017-05-03 14:25:00,6.8
2017-05-03 14:30:00,7.1
2017-05-03 14:35:00,7.5
2017-05-03 14:40:00,7.7
2017-05-03 14:45:00,7.8
2017-05-03 14:50:00,8.2
2017-05-03 14:55:00,8.3
2017-05-03 15:00:00,8.7
2017-05-03 15:05:00,9.0
2017-05-03 15:10:00,9.4
2017-05-03 15:15:00,9.7
2017-05-03 15:20:00,10.3
2017-05-03 15:25:00,10.6
2017-05-03 15:30:00,11.2
2017-05-03 15:35:00,11.7
2017-05-03 15:40:00,12.4
2017-05-03 15:45:00,12.9
2017-05-03 15:50:00,13.7
2017-05-03 15:55:00,14.6
2017-05-03 16:00:00,15.1
2017-05-03 16:05:00,15.4
2017-05-03 16:10:00,16.1
2017-05-03 16:15:00,16.7
2017-05-03 16:20:00,17.3
2017-05-03 16:25:00,18.2
2017-05-03 16:30:00,18.9
2017-05-03 16:35:00,20.0
2017-05-03 16:40:00,20.5
2017-05-03 16:45:00,21.4
2017-05-03 16:50:00,22.3
2017-05-03 16:55:00,23.0
2017-05-03 17:00:00,23.8
2017-05-03 17:05:00,24.5
2017-05-03 17:10:00,25.3
2017-05-03 17:15:00,25.9
2017-05-03 17:20:00,26.3
2017-05-03 17:25:00,27.3
2017-05-03 17:30:00,28.2
2017-05-03 17:35:00,28.8
2017-05-03 17:40:00,29.3
2017-05-03 17:45:00,30.0
2017-05-03 17:50:00,30.3
2017-05-03 17:55:00,31.1
2017-05-03 18:00:00,31.4
2017-05-03 18:05:00,32.2
2017-05-03 18:10:00,32.7
2017-05-03 18:15:00,33.3
2017-05-03 18:20:00,33.6
2017-05-03 18:25:00,34.1
2017-05-03 18:30:00,35.1
2017-05-03 18:35:00,35.5
2017-05-03 18:40:00,35.6
2017-05-03 18:45:00,36.2
2017-05-03 18:50:00,36.7
2017-05-03 18:55:00,37.2
2017-05-03 19:00:00,37.9
2017-05-03 19:05:00,37.8
2017-05-03 19:10:00,38.0
2017-05-03 19:15:00,38.9
2017-05-03 19:20:00,38.9
2017-05-03 19:25:00,39.4
2017-05-03 19:30:00,39.7
2017-05-03 19:35:00,39.5
2017-05-03 19:40:00,39.9
2017-05-03 19:45:00,40.1
2017-05-03 19:50:00,40.4
2017-05-03 19:55:00,40.8
2017-05-03 20:00:00,40.8
2017-05-03 20:05:00,40.9
2017-05-03 20:10:00,40.9
2017-05-03 20:15:00,40.6
2017-05-03 20:20:00,41.4
2017-05-03 20:25:00,41.1
2017-05-03 20:30:00,41.5
2017-05-03 20:35:00,41.7
2017-05-03 20:40:00,40.9
2017-05-03 20:45:00,41.3
2017-05-03 20:50:00,41.1
2017-05-03 20:55:00,41.2
2017-05-03 21:00:00,41.8
2017-05-03 21:05:00,42.0
2017-05-03 21:10:00,41.5
2017-05-03 21:15:00,41.1
2017-05-03 21:20:00,41.9
2017-05-03 21:25:00,41.4
2017-05-03 21:30:00,40.9
2017-05-03 21:35:00,40.9
2017-05-03 21:40:00,41.0
2017-05-03 21:45:00,41.0
2017-05-03 21:50:00,40.5
2017-05-03 21:55:00,40.2
2017-05-03 22:00:00,40.1
2017-05-03 22:05:00,40.0
2017-05-03 22:10:00,40.2
2017-05-03 22:15:00,39.9
2017-05-03 22:20:00,39.8
2017-05-03 22:25:00,39.1
2017-05-03 22:30:00,39.1
2017-05-03 22:35:00,39.0
2017-05-03 22:40:00,38.8
2017-05-03 22:45:00,38.5
2017-05-03 22:50:00,38.2
2017-05-03 22:55:00,37.6
2017-05-03 23:00:00,37.4
2017-05-03 23:05:00,37.3
2017-05-03 23:10:00,37.6
2017-05-03 23:15:00,36.8
2017-05-03 23:20:00,36.4
2017-05-03 23:25:00,36.0
2017-05-03 23:30:00,35.9
2017-05-03 23:35:00,35.3
2017-05-03 23:40:00,35.0
2017-05-03 23:45:00,34.7
2017-05-03 23:50:00,34.3
2017-05-03 23:55:00,33.7
2017-05-04 00:00:00,33.1
2017-05-04 00:05:00,32.8
2017-05-04 00:10:00,32.0
2017-05-04 00:15:00,32.1
2017-05-04 00:20:00,31.3
2017-05-04 00:25:00,30.9
2017-05-04 00:30:00,30.6
2017-05-04 00:35:00,29.8
2017-05-04 00:40:00,29.3
2017-05-04 00:45:00,28.6
2017-05-04 00:50:00,28.1
2017-05-04 00:55:00,27.7
2017-05-04 01:00:00,26.6
2017-05-04 01:05:00,25.2
2017-05-04 01:10:00,24.3
2017-05-04 01:15:00,23.2
2017-05-04 01:20:00,22.1
2017-05-04 01:25:00,21.1
2017-05-04 01:30:00,20.1
2017-05-04 01:35:00,19.9
2017-05-04 01:40:00,19.9
2017-05-04 01:45:00,19.6
2017-05-04 01:50:00,19.2
2017-05-04 01:55:00,18.8
2017-05-04 02:00:00,18.6
2017-05-04 02:05:00,18.2
2017-05-04 02:10:00,17.8
2017-05-04 02:15:00,17.6
2017-05-04 02:20:00,17.3
2017-05-04 02:25:00,16.9
2017-05-04 02:30:00,16.7
2017-05-04 02:35:00,16.3
2017-05-04 02:40:00,16.0
2017-05-04 02:45:00,15.6
2017-05-04 02:50:00,15.2
2017-05-04 02:55:00,14.8
2017-05-04 03:00:00,14.4
2017-05-04 03:05:00,14.1
2017-05-04 03:10:00,13.8
2017-05-04 03:15:00,13.6
2017-05-04 03:20:00,13.6
2017-05-04 03:25:00,13.7
2017-05-04 03:30:00,13.6
2017-05-04 03:35:00,13.7
2017-05-04 03:40:00,13.6
2017-05-04 03:45:00,13.4
2017-05-04 03:50:00,13.3
2017-05-04 03:55:00,13.2
2017-05-04 04:00:00,13.1
2017-05-04 04:05:00,13.0
2017-05-04 04:10:00,12.9
2017-05-04 04:15:00,12.8
2017-05-04 04:20:00,12.7
2017-05-04 04:25:00,12.6
2017-05-04 04:30:00,12.6
2017-05-04 04:35:00,12.6
2017-05-04 04:40:00,12.4
2017-05-04 04:45:00,12.2
2017-05-04 04:50:00,12.0
2017-05-04 04:55:00,11.9
2017-05-04 05:00:00,11.8
2017-05-04 05:05:00,11.8
2017-05-04 05:10:00,11.7
2017-05-04 05:15:00,11.7
2017-05-04 05:20:00,11.7
2017-05-04 05:25:00,11.6
2017-05-04 05:30:00,11.5
2017-05-04 05:35:00,11.4
2017-05-04 05:40:00,11.4
2017-05-04 05:45:00,11.4
2017-05-04 05:50:00,11.2
2017-05-04 05:55:00,11.1
2017-05-04 06:00:00,11.3
2017-05-04 06:05:00,11.4
2017-05-04 06:10:00,11.3
2017-05-04 06:15:00,11.2
2017-05-04 06:20:00,11.2
2017-05-04 06:25:00,11.1
2017-05-04 06:30:00,11.0
2017-05-04 06:35:00,10.8
2017-05-04 06:40:00,10.9
2017-05-04 06:45:00,10.7
2017-05-04 06:50:00,10.7
2017-05-04 06:55:00,10.7
2017-05-04 07:00:00,10.6
2017-05-04 07:05:00,10.7
2017-05-04 07:10:00,10.6
2017-05-04 07:15:00,10.5
2017-05-04 07:20:00,10.4
2017-05-04 07:25:00,10.4
2017-05-04 07:30:00,10.3
2017-05-04 07:35:00,10.2
2017-05-04 07:40:00,10.1
2017-05-04 07:45:00,9.9
2017-05-04 07:50:00,9.9
2017-05-04 07:55:00,9.8
2017-05-04 08:00:00,9.8
2017-05-04 08:05:00,9.7
2017-05-04 08:10:00,9.6
2017-05-04 08:15:00,9.6
2017-05-04 08:20:00,9.5
2017-05-04 08:25:00,9.5
2017-05-04 08:30:00,9.4
2017-05-04 08:35:00,9.3
2017-05-04 08:40:00,9.4
2017-05-04 08:45:00,9.3
2017-05-04 08:50:00,9.2
2017-05-04 08:55:00,9.2
2017-05-04 09:00:00,9.1
2017-05-04 09:05:00,9.0
2017-05-04 09:10:00,9.1
2017-05-04 09:15:00,9.0
2017-05-04 09:20:00,8.9
2017-05-04 09:25:00,8.8
2017-05-04 09:30:00,8.8
2017-05-04 09:35:00,8.7
2017-05-04 09:40:00,8.7
2017-05-04 09:45:00,8.5
2017-05-04 09:50:00,8.4
2017-05-04 09:55:00,8.6
2017-05-04 10:00:00,8.5
2017-05-04 10:05:00,8.5
2017-05-04 10:10:00,8.7
2017-05-04 10:15:00,8.6
2017-05-04 10:20:00,8.5
2017-05-04 10:25:00,8.3
2017-05-04 10:30:00,8.4
2017-05-04 10:35:00,8.3
2017-05-04 10:40:00,8.4
2017-05-04 10:45:00,8.3
2017-05-04 10:50:00,8.4
2017-05-04 10:55:00,8.3
2017-05-04 11:00:00,8.2
2017-05-04 11:05:00,8.2
2017-05-04 11:10:00,8.2
2017-05-04 11:15:00,8.1
2017-05-04 11:20:00,8.2
2017-05-04 11:25:00,8.2
2017-05-04 11:30:00,8.1
2017-05-04 11:35:00,8.0
2017-05-04 11:40:00,8.0
2017-05-04 11:45:00,7.9
2017-05-04 11:50:00,7.9
2017-05-04 11:55:00,7.8
2017-05-04 12:00:00,7.8
2017-05-04 12:05:00,7.7
2017-05-04 12:10:00,7.8
2017-05-04 12:15:00,7.8
2017-05-04 12:20:00,7.8
2017-05-04 12:25:00,7.8
2017-05-04 12:30:00,7.9
2017-05-04 12:35:00,7.8
2017-05-04 12:40:00,7.7
2017-05-04 12:45:00,7.7
2017-05-04 12:50:00,7.5
2017-05-04 12:55:00,7.5
2017-05-04 13:00:00,7.4
2017-05-04 13:05:00,7.2
2017-05-04 13:10:00,7.2
2017-05-04 13:15:00,7.0
2017-05-04 13:20:00,7.1
2017-05-04 13:25:00,7.2
2017-05-04 13:30:00,7.1
2017-05-04 13:35:00,7.1
2017-05-04 13:40:00,7.2
2017-05-04 13:45:00,7.3
2017-05-04 13:50:00,7.4
2017-05-04 13:55:00,7.4
2017-05-04 14:00:00,7.7
2017-05-04 14:05:00,7.9
2017-05-04 14:10:00,8.0
2017-05-04 14:15:00,8.2
2017-05-04 14:20:00,8.3
2017-05-04 14:25:00,8.4
2017-05-04 14:30:00,8.6
2017-05-04 14:35:00,8.8
2017-05-04 14:40:00,9.0
2017-05-04 14:45:00,9.2
2017-05-04 14:50:00,9.5
2017-05-04 14:55:00,9.7
2017-05-04 15:00:00,10.0
2017-05-04 15:05:00,10.4
2017-05-04 15:10:00,10.7
2017-05-04 15:15:00,11.1
2017-05-04 15:20:00,11.7
2017-05-04 15:25:00,12.1
2017-05-04 15:30:00,12.8
2017-05-04 15:35:00,13.6
2017-05-04 15:40:00,14.2
2017-05-04 15:45:00,14.9
2017-05-04 15:50:00,15.5
2017-05-04 15:55:00,16.3
2017-05-04 16:00:00,16.9
2017-05-04 16:05:00,17.7
2017-05-04 16:10:00,18.2
2017-05-04 16:15:00,18.9
2017-05-04 16:20:00,19.8
2017-05-04 16:25:00,20.4
2017-05-04 16:30:00,21.1
2017-05-04 16:35:00,22.0
2017-05-04 16:40:00,22.7
2017-05-04 16:45:00,23.6
2017-05-04 16:50:00,24.4
2017-05-04 16:55:00,24.9
2017-05-04 17:00:00,25.8
2017-05-04 17:05:00,26.4
2017-05-04 17:10:00,26.8
2017-05-04 17:15:00,27.2
2017-05-04 17:20:00,28.2
2017-05-04 17:25:00,28.8
2017-05-04 17:30:00,29.3
2017-05-04 17:35:00,29.9
2017-05-04 17:40:00,30.6
2017-05-04 17:45:00,30.9
2017-05-04 17:50:00,31.6
2017-05-04 17:55:00,32.1
2017-05-04 18:00:00,32.6
2017-05-04 18:05:00,33.5
2017-05-04 18:10:00,34.4
2017-05-04 18:15:00,34.7
2017-05-04 18:20:00,35.3
2017-05-04 18:25:00,35.6
2017-05-04 18:30:00,36.1
2017-05-04 18:35:00,36.9
2017-05-04 18:40:00,37.2
2017-05-04 18:45:00,38.2
2017-05-04 18:50:00,38.6
2017-05-04 18:55:00,38.7
2017-05-04 19:00:00,39.3
2017-05-04 19:05:00,39.1
2017-05-04 19:10:00,39.9
2017-05-04 19:15:00,39.5
2017-05-04 19:20:00,39.9
2017-05-04 19:25:00,40.4
2017-05-04 19:30:00,41.1
2017-05-04 19:35:00,41.2
2017-05-04 19:40:00,41.1
2017-05-04 19:45:00,42.1
2017-05-04 19:50:00,41.9
2017-05-04 19:55:00,42.4
2017-05-04 20:00:00,42.5
2017-05-04 20:05:00,42.3
2017-05-04 20:10:00,42.3
2017-05-04 20:15:00,42.7
2017-05-04 20:20:00,42.5
2017-05-04 20:25:00,43.1
2017-05-04 20:30:00,42.6
2017-05-04 20:35:00,41.9
2017-05-04 20:40:00,42.4
2017-05-04 20:45:00,43.0
2017-05-04 20:50:00,41.9
2017-05-04 20:55:00,42.3
2017-05-04 21:00:00,42.4
2017-05-04 21:05:00,42.4
2017-05-04 21:10:00,42.2
2017-05-04 21:15:00,42.3
2017-05-04 21:20:00,42.7
2017-05-04 21:25:00,42.6
2017-05-04 21:30:00,42.0
2017-05-04 21:35:00,42.9
2017-05-04 21:40:00,42.0
2017-05-04 21:45:00,41.3
2017-05-04 21:50:00,41.6
2017-05-04 21:55:00,41.2
2017-05-04 22:00:00,41.6
2017-05-04 22:05:00,41.4
2017-05-04 22:10:00,40.2
2017-05-04 22:15:00,40.9
2017-05-04 22:20:00,40.4
2017-05-04 22:25:00,40.8
2017-05-04 22:30:00,40.3
2017-05-04 22:35:00,39.4
2017-05-04 22:40:00,39.3
2017-05-04 22:45:00,38.8
2017-05-04 22:50:00,38.9
2017-05-04 22:55:00,38.7
2017-05-04 23:00:00,38.4
2017-05-04 23:05:00,38.2
2017-05-04 23:10:00,38.2
2017-05-04 23:15:00,36.9
2017-05-04 23:20:00,37.2
2017-05-04 23:25:00,37.1
2017-05-04 23:30:00,36.5
2017-05-04 23:35:00,36.4
2017-05-04 23:40:00,35.5
2017-05-04 23:45:00,34.7
2017-05-04 23:50:00,34.0
2017-05-04 23:55:00,33.9
2017-05-05 00:00:00,33.6
2017-05-05 00:05:00,33.2
2017-05-05 00:10:00,32.8
2017-05-05 00:15:00,32.1
2017-05-05 00:20:00,31.6
2017-05-05 00:25:00,31.1
2017-05-05 00:30:00,30.4
2017-05-05 00:35:00,29.7
2017-05-05 00:40:00,28.5
2017-05-05 00:45:00,28.2
2017-05-05 00:50:00,28.1
2017-05-05 00:55:00,27.1
2017-05-05 01:00:00,25.9
2017-05-05 01:05:00,25.1
2017-05-05 01:10:00,25.3
2017-05-05 01:15:00,24.9
2017-05-05 01:20:00,23.8
2017-05-05 01:25:00,22.6
2017-05-05 01:30:00,22.0
2017-05-05 01:35:00,21.2
2017-05-05 01:40:00,20.5
2017-05-05 01:45:00,20.0
2017-05-05 01:50:00,19.8
2017-05-05 01:55:00,19.5
2017-05-05 02:00:00,19.4
2017-05-05 02:05:00,19.2
2017-05-05 02:10:00,19.0
2017-05-05 02:15:00,18.6
2017-05-05 02:20:00,18.1
2017-05-05 02:25:00,17.7
2017-05-05 02:30:00,17.2
2017-05-05 02:35:00,16.7
2017-05-05 02:40:00,16.3
2017-05-05 02:45:00,16.0
2017-05-05 02:50:00,15.6
2017-05-05 02:55:00,15.3
2017-05-05 03:00:00,15.2
2017-05-05 03:05:00,15.0
2017-05-05 03:10:00,14.9
2017-05-05 03:15:00,14.8
2017-05-05 03:20:00,14.6
2017-05-05 03:25:00,14.3
2017-05-05 03:30:00,14.1
2017-05-05 03:35:00,13.9
2017-05-05 03:40:00,13.8
2017-05-05 03:45:00,13.7
2017-05-05 03:50:00,13.7
2017-05-05 03:55:00,13.6
2017-05-05 04:00:00,13.7
2017-05-05 04:05:00,13.7
2017-05-05 04:10:00,13.7
2017-05-05 04:15:00,13.6
2017-05-05 04:20:00,13.6
2017-05-05 04:25:00,13.6
2017-05-05 04:30:00,13.6
2017-05-05 04:35:00,13.6
2017-05-05 04:40:00,13.5
2017-05-05 04:45:00,13.4
2017-05-05 04:50:00,13.3
2017-05-05 04:55:00,13.2
2017-05-05 05:00:00,13.0
2017-05-05 05:05:00,13.0
2017-05-05 05:10:00,12.9
2017-05-05 05:15:00,12.9
2017-05-05 05:20:00,12.9
2017-05-05 05:25:00,12.8
2017-05-05 05:30:00,12.7
2017-05-05 05:35:00,12.5
2017-05-05 05:40:00,12.4
2017-05-05 05:45:00,12.3
2017-05-05 05:50:00,12.3
2017-05-05 05:55:00,12.2
2017-05-05 06:00:00,12.1
2017-05-05 06:05:00,12.0
2017-05-05 06:10:00,11.9
2017-05-05 06:15:00,11.8
2017-05-05 06:20:00,11.9
2017-05-05 06:25:00,11.8
2017-05-05 06:30:00,11.6
2017-05-05 06:35:00,11.7
2017-05-05 06:40:00,11.9
2017-05-05 06:45:00,12.0
2017-05-05 06:50:00,12.2
2017-05-05 06:55:00,12.6
2017-05-05 07:00:00,12.6
2017-05-05 07:05:00,12.7
2017-05-05 07:10:00,12.7
2017-05-05 07:15:00,12.5
2017-05-05 07:20:00,12.1
2017-05-05 07:25:00,11.8
2017-05-05 07:30:00,11.7
2017-05-05 07:35:00,11.6
2017-05-05 07:40:00,11.4
2017-05-05 07:45:00,11.3
2017-05-05 07:50:00,11.3
2017-05-05 07:55:00,11.3
2017-05-05 08:00:00,11.4
2017-05-05 08:05:00,11.3
2017-05-05 08:10:00,11.1
2017-05-05 08:15:00,11.0
2017-05-05 08:20:00,11.0
2017-05-05 08:25:00,11.0
2017-05-05 08:30:00,10.9
2017-05-05 08:35:00,10.7
2017-05-05 08:40:00,10.8
2017-05-05 08:45:00,10.7
2017-05-05 08:50:00,10.9
2017-05-05 08:55:00,10.9
2017-05-05 09:00:00,11.1
2017-05-05 09:05:00,11.0
2017-05-05 09:10:00,10.5
2017-05-05 09:15:00,10.3
2017-05-05 09:20:00,10.1
2017-05-05 09:25:00,9.9
2017-05-05 09:30:00,9.8
2017-05-05 09:35:00,9.8
2017-05-05 09:40:00,9.7
2017-05-05 09:45:00,9.6
2017-05-05 09:50:00,9.6
2017-05-05 09:55:00,9.6
2017-05-05 10:00:00,9.7
2017-05-05 10:05:00,9.8
2017-05-05 10:10:00,9.8
2017-05-05 10:15:00,9.6
2017-05-05 10:20:00,9.7
2017-05-05 10:25:00,9.8
2017-05-05 10:30:00,10.0
2017-05-05 10:35:00,9.5
2017-05-05 10:40:00,9.7
2017-05-05 10:45:00,9.9
2017-05-05 10:50:00,10.0
2017-05-05 10:55:00,9.9
2017-05-05 11:00:00,9.4
2017-05-05 11:05:00,9.3
2017-05-05 11:10:00,9.1
2017-05-05 11:15:00,9.1
2017-05-05 11:20:00,9.5
2017-05-05 11:25:00,9.5
2017-05-05 11:30:00,9.5
2017-05-05 11:35:00,9.4
2017-05-05 11:40:00,9.4
2017-05-05 11:45:00,9.3
2017-05-05 11:50:00,9.3
2017-05-05 11:55:00,9.3
2017-05-05 12:00:00,9.3
2017-05-05 12:05:00,9.3
2017-05-05 12:10:00,8.7
2017-05-05 12:15:00,8.6
2017-05-05 12:20:00,8.8
2017-05-05 12:25:00,8.7
2017-05-05 12:30:00,8.7
2017-05-05 12:35:00,8.6
2017-05-05 12:40:00,8.6
2017-05-05 12:45:00,8.8
2017-05-05 12:50:00,8.8
2017-05-05 12:55:00,8.9
2017-05-05 13:00:00,9.4
2017-05-05 13:05:00,9.4
2017-05-05 13:10:00,8.9
2017-05-05 13:15:00,9.0
2017-05-05 13:20:00,9.1
2017-05-05 13:25:00,9.1
2017-05-05 13:30:00,9.1
2017-05-05 13:35:00,8.9
2017-05-05 13:40:00,9.0
2017-05-05 13:45:00,9.1
2017-05-05 13:50:00,9.3
2017-05-05 13:55:00,9.5
2017-05-05 14:00:00,9.6
2017-05-05 14:05:00,9.6
2017-05-05 14:10:00,9.6
2017-05-05 14:15:00,9.9
2017-05-05 14:20:00,10.1
2017-05-05 14:25:00,10.4
2017-05-05 14:30:00,10.6
2017-05-05 14:35:00,11.1
2017-05-05 14:40:00,12.0
2017-05-05 14:45:00,12.9
2017-05-05 14:50:00,13.3
2017-05-05 14:55:00,13.0
2017-05-05 15:00:00,13.4
2017-05-05 15:05:00,14.1
2017-05-05 15:10:00,14.7
2017-05-05 15:15:00,14.2
2017-05-05 15:20:00,14.0
2017-05-05 15:25:00,14.8
2017-05-05 15:30:00,15.4
2017-05-05 15:35:00,16.0
2017-05-05 15:40:00,16.3
2017-05-05 15:45:00,16.0
2017-05-05 15:50:00,16.0
2017-05-05 15:55:00,16.0
2017-05-05 16:00:00,16.4
2017-05-05 16:05:00,16.5
2017-05-05 16:10:00,16.8
2017-05-05 16:15:00,17.2
2017-05-05 16:20:00,17.9
2017-05-05 16:25:00,18.7
2017-05-05 16:30:00,20.3
2017-05-05 16:35:00,22.2
2017-05-05 16:40:00,21.2
2017-05-05 16:45:00,20.3
2017-05-05 16:50:00,20.0
2017-05-05 16:55:00,19.9
2017-05-05 17:00:00,22.7
2017-05-05 17:05:00,23.8
2017-05-05 17:10:00,24.0
2017-05-05 17:15:00,25.3
2017-05-05 17:20:00,20.6
2017-05-05 17:25:00,23.7
2017-05-05 17:30:00,21.5
2017-05-05 17:35:00,21.9
2017-05-05 17:40:00,23.5
2017-05-05 17:45:00,21.5
2017-05-05 17:50:00,21.2
2017-05-05 17:55:00,22.4
2017-05-05 18:00:00,23.4
2017-05-05 18:05:00,21.9
2017-05-05 18:10:00,22.9
2017-05-05 18:15:00,25.3
2017-05-05 18:20:00,25.1
2017-05-05 18:25:00,22.3
2017-05-05 18:30:00,24.0
2017-05-05 18:35:00,26.6
2017-05-05 18:40:00,27.9
2017-05-05 18:45:00,28.2
2017-05-05 18:50:00,29.0
2017-05-05 18:55:00,28.4
2017-05-05 19:00:00,29.5
2017-05-05 19:05:00,30.4
2017-05-05 19:10:00,29.5
2017-05-05 19:15:00,30.7
2017-05-05 19:20:00,30.3
2017-05-05 19:25:00,32.8
2017-05-05 19:30:00,33.5
2017-05-05 19:35:00,33.9
2017-05-05 19:40:00,34.1
2017-05-05 19:45:00,35.5
2017-05-05 19:50:00,34.6
2017-05-05 19:55:00,32.5
2017-05-05 20:00:00,30.7
2017-05-05 20:05:00,31.4
2017-05-05 20:10:00,28.6
2017-05-05 20:15:00,27.0
2017-05-05 20:20:00,26.9
2017-05-05 20:25:00,30.0
2017-05-05 20:30:00,29.7
2017-05-05 20:35:00,30.6
2017-05-05 20:40:00,29.3
2017-05-05 20:45:00,28.5
2017-05-05 20:50:00,32.5
2017-05-05 20:55:00,33.1
2017-05-05 21:00:00,31.8
2017-05-05 21:05:00,33.4
2017-05-05 21:10:00,31.7
2017-05-05 21:15:00,31.7
2017-05-05 21:20:00,34.6
2017-05-05 21:25:00,34.6
2017-05-05 21:30:00,30.4
2017-05-05 21:35:00,31.1
2017-05-05 21:40:00,29.6
2017-05-05 21:45:00,29.3
2017-05-05 21:50:00,28.8
2017-05-05 21:55:00,28.9
2017-05-05 22:00:00,27.7
2017-05-05 22:05:00,27.4
2017-05-05 22:10:00,27.3
2017-05-05 22:15:00,26.9
2017-05-05 22:20:00,25.9
2017-05-05 22:25:00,25.5
2017-05-05 22:30:00,25.4
2017-05-05 22:35:00,25.3
2017-05-05 22:40:00,25.7
2017-05-05 22:45:00,25.1
2017-05-05 22:50:00,24.5
2017-05-05 22:55:00,24.0
2017-05-05 23:00:00,24.3
2017-05-05 23:05:00,24.3
2017-05-05 23:10:00,26.0
2017-05-05 23:15:00,26.4
2017-05-05 23:20:00,26.2
2017-05-05 23:25:00,25.0
2017-05-05 23:30:00,25.6
2017-05-05 23:35:00,25.4
2017-05-05 23:40:00,25.7
2017-05-05 23:45:00,25.8
2017-05-05 23:50:00,25.9
2017-05-05 23:55:00,24.7
2017-05-06 00:00:00,22.7
2017-05-06 00:05:00,24.0
2017-05-06 00:10:00,24.7
2017-05-06 00:15:00,24.1
2017-05-06 00:20:00,23.1
2017-05-06 00:25:00,19.8
2017-05-06 00:30:00,17.9
2017-05-06 00:35:00,20.3
2017-05-06 00:40:00,20.5
2017-05-06 00:45:00,22.5
2017-05-06 00:50:00,22.5
2017-05-06 00:55:00,21.0
2017-05-06 01:00:00,20.9
2017-05-06 01:05:00,20.0
2017-05-06 01:10:00,19.2
2017-05-06 01:15:00,18.7
2017-05-06 01:20:00,17.8
2017-05-06 01:25:00,16.9
2017-05-06 01:30:00,16.4
2017-05-06 01:35:00,16.0
2017-05-06 01:40:00,15.4
2017-05-06 01:45:00,14.9
2017-05-06 01:50:00,14.3
2017-05-06 01:55:00,13.7
2017-05-06 02:00:00,13.4
2017-05-06 02:05:00,13.0
2017-05-06 02:10:00,12.7
2017-05-06 02:15:00,12.5
2017-05-06 02:20:00,12.1
2017-05-06 02:25:00,11.8
2017-05-06 02:30:00,11.3
2017-05-06 02:35:00,10.9
2017-05-06 02:40:00,10.4
2017-05-06 02:45:00,10.0
2017-05-06 02:50:00,9.8
2017-05-06 02:55:00,9.5
2017-05-06 03:00:00,9.2
2017-05-06 03:05:00,9.0
2017-05-06 03:10:00,8.7
2017-05-06 03:15:00,8.5
2017-05-06 03:20:00,8.3
2017-05-06 03:25:00,8.3
2017-05-06 03:30:00,8.2
2017-05-06 03:35:00,8.1
2017-05-06 03:40:00,8.1
2017-05-06 03:45:00,8.0
2017-05-06 03:50:00,7.9
2017-05-06 03:55:00,7.8
2017-05-06 04:00:00,7.7
2017-05-06 04:05:00,7.6
2017-05-06 04:10:00,7.5
2017-05-06 04:15:00,7.4
2017-05-06 04:20:00,7.3
2017-05-06 04:25:00,7.3
2017-05-06 04:30:00,7.3
2017-05-06 04:35:00,7.3
2017-05-06 04:40:00,7.2
2017-05-06 04:45:00,7.1
2017-05-06 04:50:00,7.1
2017-05-06 04:55:00,7.0
2017-05-06 05:00:00,7.0
2017-05-06 05:05:00,7.0
2017-05-06 05:10:00,7.0
2017-05-06 05:15:00,6.9
2017-05-06 05:20:00,6.8
2017-05-06 05:25:00,6.8
2017-05-06 05:30:00,6.7
2017-05-06 05:35:00,6.6
2017-05-06 05:40:00,6.6
2017-05-06 05:45:00,6.5
2017-05-06 05:50:00,6.4
2017-05-06 05:55:00,6.3
2017-05-06 06:00:00,6.1
2017-05-06 06:05:00,6.0
2017-05-06 06:10:00,5.9
2017-05-06 06:15:00,5.9
2017-05-06 06:20:00,5.7
2017-05-06 06:25:00,5.6
2017-05-06 06:30:00,5.6
2017-05-06 06:35:00,5.6
2017-05-06 06:40:00,5.7
2017-05-06 06:45:00,5.7
2017-05-06 06:50:00,5.8
2017-05-06 06:55:00,5.4
2017-05-06 07:00:00,5.3
2017-05-06 07:05:00,5.2
2017-05-06 07:10:00,5.3
2017-05-06 07:15:00,5.3
2017-05-06 07:20:00,5.5
2017-05-06 07:25:00,5.6
2017-05-06 07:30:00,5.5
2017-05-06 07:35:00,5.5
2017-05-06 07:40:00,5.5
2017-05-06 07:45:00,5.5
2017-05-06 07:50:00,5.4
2017-05-06 07:55:00,5.4
2017-05-06 08:00:00,5.4
2017-05-06 08:05:00,5.4
2017-05-06 08:10:00,5.3
2017-05-06 08:15:00,5.3
2017-05-06 08:20:00,5.3
2017-05-06 08:25:00,5.3
2017-05-06 08:30:00,5.2
2017-05-06 08:35:00,5.2
2017-05-06 08:40:00,5.2
2017-05-06 08:45:00,5.3
2017-05-06 08:50:00,5.2
2017-05-06 08:55:00,5.2
2017-05-06 09:00:00,5.1
2017-05-06 09:05:00,5.0
2017-05-06 09:10:00,4.9
2017-05-06 09:15:00,4.8
2017-05-06 09:20:00,4.8
2017-05-06 09:25:00,4.8
2017-05-06 09:30:00,4.9
2017-05-06 09:35:00,4.9
2017-05-06 09:40:00,4.9
2017-05-06 09:45:00,5.1
2017-05-06 09:50:00,5.8
2017-05-06 09:55:00,6.1
2017-05-06 10:00:00,6.3
2017-05-06 10:05:00,6.5
2017-05-06 10:10:00,6.7
2017-05-06 10:15:00,6.8
2017-05-06 10:20:00,6.9
2017-05-06 10:25:00,6.7
2017-05-06 10:30:00,6.5
2017-05-06 10:35:00,6.0
2017-05-06 10:40:00,5.6
2017-05-06 10:45:00,5.3
2017-05-06 10:50:00,5.4
2017-05-06 10:55:00,5.2
2017-05-06 11:00:00,5.2
2017-05-06 11:05:00,5.1
2017-05-06 11:10:00,5.0
2017-05-06 11:15:00,5.3
2017-05-06 11:20:00,5.3
2017-05-06 11:25:00,5.9
2017-05-06 11:30:00,6.3
2017-05-06 11:35:00,6.5
2017-05-06 11:40:00,6.5
2017-05-06 11:45:00,6.5
2017-05-06 11:50:00,6.5
2017-05-06 11:55:00,6.5
2017-05-06 12:00:00,6.5
2017-05-06 12:05:00,6.5
2017-05-06 12:10:00,6.4
2017-05-06 12:15:00,6.3
2017-05-06 12:20:00,6.1
2017-05-06 12:25:00,6.3
2017-05-06 12:30:00,6.4
2017-05-06 12:35:00,6.4
2017-05-06 12:40:00,6.4
2017-05-06 12:45:00,6.3
2017-05-06 12:50:00,6.3
2017-05-06 12:55:00,6.1
2017-05-06 13:00:00,6.2
2017-05-06 13:05:00,6.3
2017-05-06 13:10:00,6.4
2017-05-06 13:15:00,6.5
2017-05-06 13:20:00,6.5
2017-05-06 13:25:00,6.5
2017-05-06 13:30:00,6.5
2017-05-06 13:35:00,6.6
2017-05-06 13:40:00,6.6
2017-05-06 13:45:00,6.4
2017-05-06 13:50:00,6.6
2017-05-06 13:55:00,6.6
2017-05-06 14:00:00,6.7
2017-05-06 14:05:00,6.9
2017-05-06 14:10:00,6.8
2017-05-06 14:15:00,6.7
2017-05-06 14:20:00,6.5
2017-05-06 14:25:00,6.4
2017-05-06 14:30:00,6.4
2017-05-06 14:35:00,5.9
2017-05-06 14:40:00,5.9
2017-05-06 14:45:00,6.1
2017-05-06 14:50:00,6.1
2017-05-06 14:55:00,6.0
2017-05-06 15:00:00,5.2
2017-05-06 15:05:00,5.3
2017-05-06 15:10:00,5.8
2017-05-06 15:15:00,5.7
2017-05-06 15:20:00,5.4
2017-05-06 15:25:00,5.3
2017-05-06 15:30:00,5.5
2017-05-06 15:35:00,5.8
2017-05-06 15:40:00,5.6
2017-05-06 15:45:00,5.4
2017-05-06 15:50:00,5.6
2017-05-06 15:55:00,5.6
2017-05-06 16:00:00,6.0
2017-05-06 16:05:00,6.3
2017-05-06 16:10:00,6.5
2017-05-06 16:15:00,6.5
2017-05-06 16:20:00,7.2
2017-05-06 16:25:00,7.0
2017-05-06 16:30:00,6.8
2017-05-06 16:35:00,7.0
2017-05-06 16:40:00,7.5
2017-05-06 16:45:00,7.3
2017-05-06 16:50:00,7.8
2017-05-06 16:55:00,7.5
2017-05-06 17:00:00,7.0
2017-05-06 17:05:00,6.4
2017-05-06 17:10:00,6.4
2017-05-06 17:15:00,6.7
2017-05-06 17:20:00,6.6
2017-05-06 17:25:00,6.6
2017-05-06 17:30:00,6.7
2017-05-06 17:35:00,6.9
2017-05-06 17:40:00,7.5
2017-05-06 17:45:00,7.4
2017-05-06 17:50:00,6.7
2017-05-06 17:55:00,6.6
2017-05-06 18:00:00,6.6
2017-05-06 18:05:00,6.5
2017-05-06 18:10:00,6.3
2017-05-06 18:15:00,6.1
2017-05-06 18:20:00,5.8
2017-05-06 18:25:00,6.0
2017-05-06 18:30:00,6.0
2017-05-06 18:35:00,5.9
2017-05-06 18:40:00,6.0
2017-05-06 18:45:00,7.1
2017-05-06 18:50:00,7.6
2017-05-06 18:55:00,7.1
2017-05-06 19:00:00,6.7
2017-05-06 19:05:00,7.2
2017-05-06 19:10:00,6.8
2017-05-06 19:15:00,6.3
2017-05-06 19:20:00,6.6
2017-05-06 19:25:00,7.0
2017-05-06 19:30:00,7.3
2017-05-06 19:35:00,7.2
2017-05-06 19:40:00,7.6
2017-05-06 19:45:00,9.6
2017-05-06 19:50:00,9.0
2017-05-06 19:55:00,9.1
2017-05-06 20:00:00,9.2
2017-05-06 20:05:00,9.8
2017-05-06 20:10:00,10.1
2017-05-06 20:15:00,9.8
2017-05-06 20:20:00,9.1
2017-05-06 20:25:00,8.5
2017-05-06 20:30:00,8.2
2017-05-06 20:35:00,8.5
2017-05-06 20:40:00,8.2
2017-05-06 20:45:00,8.0
2017-05-06 20:50:00,8.1
2017-05-06 20:55:00,8.1
2017-05-06 21:00:00,7.7
2017-05-06 21:05:00,7.5
2017-05-06 21:10:00,7.3
2017-05-06 21:15:00,7.1
2017-05-06 21:20:00,7.0
2017-05-06 21:25:00,7.0
2017-05-06 21:30:00,6.9
2017-05-06 21:35:00,7.2
2017-05-06 21:40:00,7.3
2017-05-06 21:45:00,7.4
2017-05-06 21:50:00,7.3
2017-05-06 21:55:00,6.7
2017-05-06 22:00:00,6.6
2017-05-06 22:05:00,6.8
2017-05-06 22:10:00,6.4
2017-05-06 22:15:00,6.3
2017-05-06 22:20:00,6.3
2017-05-06 22:25:00,6.1
2017-05-06 22:30:00,5.9
2017-05-06 22:35:00,5.9
2017-05-06 22:40:00,5.6
2017-05-06 22:45:00,5.5
2017-05-06 22:50:00,5.3
2017-05-06 22:55:00,5.0
2017-05-06 23:00:00,4.8
2017-05-06 23:05:00,4.8
2017-05-06 23:10:00,4.9
2017-05-06 23:15:00,4.7
2017-05-06 23:20:00,4.9
2017-05-06 23:25:00,4.9
2017-05-06 23:30:00,4.9
2017-05-06 23:35:00,5.4
2017-05-06 23:40:00,5.5
2017-05-06 23:45:00,5.3
2017-05-06 23:50:00,4.4
2017-05-06 23:55:00,4.4
2017-05-07 00:00:00,4.4
2017-05-07 00:05:00,4.4
2017-05-07 00:10:00,4.7
2017-05-07 00:15:00,5.0
2017-05-07 00:20:00,5.4
2017-05-07 00:25:00,5.6
2017-05-07 00:30:00,4.9
2017-05-07 00:35:00,4.9
2017-05-07 00:40:00,4.9
2017-05-07 00:45:00,4.9
2017-05-07 00:50:00,4.7
2017-05-07 00:55:00,4.6
2017-05-07 01:00:00,4.5
2017-05-07 01:05:00,4.3
2017-05-07 01:10:00,4.2
2017-05-07 01:15:00,3.9
2017-05-07 01:20:00,3.3
2017-05-07 01:25:00,2.3
2017-05-07 01:30:00,1.6
2017-05-07 01:35:00,1.3
2017-05-07 01:40:00,0.8
2017-05-07 01:45:00,0.6
2017-05-07 01:50:00,0.5
2017-05-07 01:55:00,0.5
2017-05-07 02:00:00,0.2
2017-05-07 02:05:00,0.1
2017-05-07 02:10:00,0.0
2017-05-07 02:15:00,0.0
2017-05-07 02:20:00,0.0
2017-05-07 02:25:00,0.1
2017-05-07 02:30:00,0.1
2017-05-07 02:35:00,0.2
2017-05-07 02:40:00,0.1
2017-05-07 02:45:00,0.1
2017-05-07 02:50:00,0.1
2017-05-07 02:55:00,0.2
2017-05-07 03:00:00,0.2
2017-05-07 03:05:00,0.1
2017-05-07 03:10:00,0.1
2017-05-07 03:15:00,0.0
2017-05-07 03:20:00,0.0
2017-05-07 03:25:00,0.0
2017-05-07 03:30:00,-0.1
2017-05-07 03:35:00,0.0
2017-05-07 03:40:00,0.0
2017-05-07 03:45:00,0.1
2017-05-07 03:50:00,0.1
2017-05-07 03:55:00,0.1
2017-05-07 04:00:00,0.2
2017-05-07 04:05:00,0.2
2017-05-07 04:10:00,0.2
2017-05-07 04:15:00,0.3
2017-05-07 04:20:00,0.3
2017-05-07 04:25:00,0.3
2017-05-07 04:30:00,0.4
2017-05-07 04:35:00,0.4
2017-05-07 04:40:00,0.5
2017-05-07 04:45:00,0.5
2017-05-07 04:50:00,0.5
2017-05-07 04:55:00,0.6
2017-05-07 05:00:00,0.6
2017-05-07 05:05:00,0.6
2017-05-07 05:10:00,0.6
2017-05-07 05:15:00,0.6
2017-05-07 05:20:00,0.8
2017-05-07 05:25:00,0.8
2017-05-07 05:30:00,0.7
2017-05-07 05:35:00,0.8
2017-05-07 05:40:00,0.9
2017-05-07 05:45:00,1.7
2017-05-07 05:50:00,1.8
2017-05-07 05:55:00,1.8
2017-05-07 06:00:00,1.8
2017-05-07 06:05:00,2.0
2017-05-07 06:10:00,2.0
2017-05-07 06:15:00,1.8
2017-05-07 06:20:00,1.7
2017-05-07 06:25:00,1.6
2017-05-07 06:30:00,1.6
2017-05-07 06:35:00,1.5
2017-05-07 06:40:00,1.5
2017-05-07 06:45:00,1.6
2017-05-07 06:50:00,1.8
2017-05-07 06:55:00,2.1
2017-05-07 07:00:00,2.1
2017-05-07 07:05:00,2.2
2017-05-07 07:10:00,2.2
2017-05-07 07:15:00,2.3
2017-05-07 07:20:00,2.1
2017-05-07 07:25:00,1.8
2017-05-07 07:30:00,1.6
2017-05-07 07:35:00,1.5
2017-05-07 07:40:00,1.5
2017-05-07 07:45:00,1.4
2017-05-07 07:50:00,1.4
2017-05-07 07:55:00,1.3
2017-05-07 08:00:00,1.3
2017-05-07 08:05:00,1.2
2017-05-07 08:10:00,1.2
2017-05-07 08:15:00,1.2
2017-05-07 08:20:00,1.1
2017-05-07 08:25:00,1.0
2017-05-07 08:30:00,1.0
2017-05-07 08:35:00,0.9
2017-05-07 08:40:00,0.8
2017-05-07 08:45:00,0.7
2017-05-07 08:50:00,0.6
2017-05-07 08:55:00,0.5
2017-05-07 09:00:00,0.4
2017-05-07 09:05:00,0.3
2017-05-07 09:10:00,0.2
2017-05-07 09:15:00,0.2
2017-05-07 09:20:00,0.1
2017-05-07 09:25:00,0.1
2017-05-07 09:30:00,0.1
2017-05-07 09:35:00,0.2
2017-05-07 09:40:00,0.1
2017-05-07 09:45:00,0.2
2017-05-07 09:50:00,0.1
2017-05-07 09:55:00,0.2
2017-05-07 10:00:00,0.4
2017-05-07 10:05:00,0.6
2017-05-07 10:10:00,0.8
2017-05-07 10:15:00,0.8
2017-05-07 10:20:00,0.9
2017-05-07 10:25:00,0.9
2017-05-07 10:30:00,1.0
2017-05-07 10:35:00,1.0
2017-05-07 10:40:00,1.1
2017-05-07 10:45:00,1.2
2017-05-07 10:50:00,1.2
2017-05-07 10:55:00,1.2
2017-05-07 11:00:00,1.1
2017-05-07 11:05:00,1.1
2017-05-07 11:10:00,1.2
2017-05-07 11:15:00,1.2
2017-05-07 11:20:00,1.4
2017-05-07 11:25:00,1.5
2017-05-07 11:30:00,1.6
2017-05-07 11:35:00,1.7
2017-05-07 11:40:00,1.7
2017-05-07 11:45:00,1.6
2017-05-07 11:50:00,1.6
2017-05-07 11:55:00,1.6
2017-05-07 12:00:00,1.6
2017-05-07 12:05:00,1.7
2017-05-07 12:10:00,1.7
2017-05-07 12:15:00,1.7
2017-05-07 12:20:00,1.7
2017-05-07 12:25:00,1.6
2017-05-07 12:30:00,1.6
2017-05-07 12:35:00,1.7
2017-05-07 12:40:00,1.6
2017-05-07 12:45:00,1.6
2017-05-07 12:50:00,1.6
2017-05-07 12:55:00,1.6
2017-05-07 13:00:00,1.6
2017-05-07 13:05:00,1.6
2017-05-07 13:10:00,1.7
2017-05-07 13:15:00,1.7
2017-05-07 13:20:00,1.7
2017-05-07 13:25:00,1.8
2017-05-07 13:30:00,2.0
2017-05-07 13:35:00,2.5
2017-05-07 13:40:00,3.2
2017-05-07 13:45:00,3.8
2017-05-07 13:50:00,4.0
2017-05-07 13:55:00,3.8
2017-05-07 14:00:00,3.8
2017-05-07 14:05:00,4.3
2017-05-07 14:10:00,4.5
2017-05-07 14:15:00,4.6
2017-05-07 14:20:00,4.7
2017-05-07 14:25:00,4.7
2017-05-07 14:30:00,4.3
2017-05-07 14:35:00,4.5
2017-05-07 14:40:00,5.5
2017-05-07 14:45:00,5.0
2017-05-07 14:50:00,4.8
2017-05-07 14:55:00,5.0
2017-05-07 15:00:00,4.4
2017-05-07 15:05:00,4.4
2017-05-07 15:10:00,4.1
2017-05-07 15:15:00,3.7
2017-05-07 15:20:00,3.5
2017-05-07 15:25:00,3.6
2017-05-07 15:30:00,3.6
2017-05-07 15:35:00,3.9
2017-05-07 15:40:00,4.2
2017-05-07 15:45:00,4.8
2017-05-07 15:50:00,4.9
2017-05-07 15:55:00,5.0
2017-05-07 16:00:00,4.8
2017-05-07 16:05:00,4.8
2017-05-07 16:10:00,5.0
2017-05-07 16:15:00,5.0
2017-05-07 16:20:00,6.6
2017-05-07 16:25:00,7.3
2017-05-07 16:30:00,6.9
2017-05-07 16:35:00,6.6
2017-05-07 16:40:00,7.0
2017-05-07 16:45:00,7.7
2017-05-07 16:50:00,8.6
2017-05-07 16:55:00,9.8
2017-05-07 17:00:00,9.8
2017-05-07 17:05:00,9.2
2017-05-07 17:10:00,10.7
2017-05-07 17:15:00,12.5
2017-05-07 17:20:00,14.0
2017-05-07 17:25:00,15.5
2017-05-07 17:30:00,14.0
2017-05-07 17:35:00,12.7
2017-05-07 17:40:00,14.1
2017-05-07 17:45:00,13.8
2017-05-07 17:50:00,13.5
2017-05-07 17:55:00,14.1
2017-05-07 18:00:00,11.1
2017-05-07 18:05:00,13.8
2017-05-07 18:10:00,16.5
2017-05-07 18:15:00,17.8
2017-05-07 18:20:00,13.1
2017-05-07 18:25:00,12.1
2017-05-07 18:30:00,11.3
2017-05-07 18:35:00,12.0
2017-05-07 18:40:00,13.0
2017-05-07 18:45:00,11.5
2017-05-07 18:50:00,11.4
2017-05-07 18:55:00,11.8
2017-05-07 19:00:00,15.2
2017-05-07 19:05:00,14.7
2017-05-07 19:10:00,17.4
2017-05-07 19:15:00,16.7
2017-05-07 19:20:00,18.6
2017-05-07 19:25:00,20.4
2017-05-07 19:30:00,21.5
2017-05-07 19:35:00,22.0
2017-05-07 19:40:00,23.3
2017-05-07 19:45:00,22.4
2017-05-07 19:50:00,23.3
2017-05-07 19:55:00,23.7
2017-05-07 20:00:00,23.9
2017-05-07 20:05:00,24.6
2017-05-07 20:10:00,21.8
2017-05-07 20:15:00,18.6
2017-05-07 20:20:00,19.1
2017-05-07 20:25:00,22.5
2017-05-07 20:30:00,23.1
2017-05-07 20:35:00,20.8
2017-05-07 20:40:00,20.9
2017-05-07 20:45:00,18.5
2017-05-07 20:50:00,16.4
2017-05-07 20:55:00,15.9
2017-05-07 21:00:00,17.1
2017-05-07 21:05:00,16.2
2017-05-07 21:10:00,17.0
2017-05-07 21:15:00,17.0
2017-05-07 21:20:00,16.4
2017-05-07 21:25:00,15.7
2017-05-07 21:30:00,17.1
2017-05-07 21:35:00,14.9
2017-05-07 21:40:00,14.1
2017-05-07 21:45:00,14.9
2017-05-07 21:50:00,15.1
2017-05-07 21:55:00,14.5
2017-05-07 22:00:00,14.7
2017-05-07 22:05:00,13.0
2017-05-07 22:10:00,12.9
2017-05-07 22:15:00,13.6
2017-05-07 22:20:00,17.6
2017-05-07 22:25:00,15.8
2017-05-07 22:30:00,15.0
2017-05-07 22:35:00,14.5
2017-05-07 22:40:00,14.7
2017-05-07 22:45:00,13.7
2017-05-07 22:50:00,14.2
2017-05-07 22:55:00,13.8
2017-05-07 23:00:00,14.0
2017-05-07 23:05:00,12.8
2017-05-07 23:10:00,12.8
2017-05-07 23:15:00,12.0
2017-05-07 23:20:00,11.7
2017-05-07 23:25:00,11.6
2017-05-07 23:30:00,11.8
2017-05-07 23:35:00,12.2
2017-05-07 23:40:00,11.9
2017-05-07 23:45:00,11.4
2017-05-07 23:50:00,11.0
2017-05-07 23:55:00,10.8
2017-05-08 00:00:00,11.2
2017-05-08 00:05:00,12.8
2017-05-08 00:10:00,13.5
2017-05-08 00:15:00,12.8
2017-05-08 00:20:00,13.9
2017-05-08 00:25:00,14.0
2017-05-08 00:30:00,13.6
2017-05-08 00:35:00,13.8
2017-05-08 00:40:00,13.8
2017-05-08 00:45:00,13.1
2017-05-08 00:50:00,11.9
2017-05-08 00:55:00,11.8
2017-05-08 01:00:00,11.8
2017-05-08 01:05:00,11.6
2017-05-08 01:10:00,11.2
2017-05-08 01:15:00,11.0
2017-05-08 01:20:00,10.7
2017-05-08 01:25:00,10.8
2017-05-08 01:30:00,10.9
2017-05-08 01:35:00,10.6
2017-05-08 01:40:00,10.5
2017-05-08 01:45:00,10.2
2017-05-08 01:50:00,10.0
2017-05-08 01:55:00,9.6
2017-05-08 02:00:00,9.3
2017-05-08 02:05:00,8.9
2017-05-08 02:10:00,8.4
2017-05-08 02:15:00,8.1
2017-05-08 02:20:00,8.1
2017-05-08 02:25:00,7.5
2017-05-08 02:30:00,7.6
2017-05-08 02:35:00,7.5
2017-05-08 02:40:00,7.2
2017-05-08 02:45:00,7.0
2017-05-08 02:50:00,7.0
2017-05-08 02:55:00,6.8
2017-05-08 03:00:00,6.7
2017-05-08 03:05:00,6.8
2017-05-08 03:10:00,6.8
2017-05-08 03:15:00,6.5
2017-05-08 03:20:00,6.5
2017-05-08 03:25:00,6.5
2017-05-08 03:30:00,6.4
2017-05-08 03:35:00,6.1
2017-05-08 03:40:00,5.7
2017-05-08 03:45:00,5.4
2017-05-08 03:50:00,5.3
2017-05-08 03:55:00,5.5
2017-05-08 04:00:00,5.0
2017-05-08 04:05:00,4.9
2017-05-08 04:10:00,4.8
2017-05-08 04:15:00,4.8
2017-05-08 04:20:00,4.6
2017-05-08 04:25:00,4.5
2017-05-08 04:30:00,4.3
2017-05-08 04:35:00,4.6
2017-05-08 04:40:00,4.4
2017-05-08 04:45:00,4.4
2017-05-08 04:50:00,4.5
2017-05-08 04:55:00,4.6
2017-05-08 05:00:00,4.6
2017-05-08 05:05:00,4.6
2017-05-08 05:10:00,4.5
2017-05-08 05:15:00,4.4
2017-05-08 05:20:00,4.4
2017-05-08 05:25:00,4.4
2017-05-08 05:30:00,4.4
2017-05-08 05:35:00,4.4
2017-05-08 05:40:00,4.5
2017-05-08 05:45:00,4.4
2017-05-08 05:50:00,4.4
2017-05-08 05:55:00,4.3
2017-05-08 06:00:00,4.2
2017-05-08 06:05:00,4.2
2017-05-08 06:10:00,4.1
2017-05-08 06:15:00,4.2
2017-05-08 06:20:00,4.2
2017-05-08 06:25:00,4.3
2017-05-08 06:30:00,4.3
2017-05-08 06:35:00,4.3
2017-05-08 06:40:00,4.3
2017-05-08 06:45:00,4.4
2017-05-08 06:50:00,4.3
2017-05-08 06:55:00,4.2
2017-05-08 07:00:00,4.1
2017-05-08 07:05:00,4.2
2017-05-08 07:10:00,4.2
2017-05-08 07:15:00,4.2
2017-05-08 07:20:00,4.3
2017-05-08 07:25:00,4.3
2017-05-08 07:30:00,4.3
2017-05-08 07:35:00,4.3
2017-05-08 07:40:00,4.3
2017-05-08 07:45:00,4.4
2017-05-08 07:50:00,4.5
2017-05-08 07:55:00,4.4
2017-05-08 08:00:00,4.3
2017-05-08 08:05:00,4.2
2017-05-08 08:10:00,4.0
2017-05-08 08:15:00,4.0
2017-05-08 08:20:00,4.0
2017-05-08 08:25:00,3.9
2017-05-08 08:30:00,3.8
2017-05-08 08:35:00,3.8
2017-05-08 08:40:00,3.8
2017-05-08 08:45:00,3.8
2017-05-08 08:50:00,3.9
2017-05-08 08:55:00,3.9
2017-05-08 09:00:00,3.8
2017-05-08 09:05:00,3.8
2017-05-08 09:10:00,3.8
2017-05-08 09:15:00,3.8
2017-05-08 09:20:00,3.8
2017-05-08 09:25:00,3.8
2017-05-08 09:30:00,3.9
2017-05-08 09:35:00,3.8
2017-05-08 09:40:00,3.4
2017-05-08 09:45:00,3.4
2017-05-08 09:50:00,3.5
2017-05-08 09:55:00,3.5
2017-05-08 10:00:00,3.6
2017-05-08 10:05:00,3.6
2017-05-08 10:10:00,3.5
2017-05-08 10:15:00,3.5
2017-05-08 10:20:00,3.4
2017-05-08 10:25:00,3.3
2017-05-08 10:30:00,3.3
2017-05-08 10:35:00,3.4
2017-05-08 10:40:00,3.3
2017-05-08 10:45:00,3.3
2017-05-08 10:50:00,2.9
2017-05-08 10:55:00,2.8
2017-05-08 11:00:00,2.8
2017-05-08 11:05:00,2.7
2017-05-08 11:10:00,2.4
2017-05-08 11:15:00,2.4
2017-05-08 11:20:00,2.4
2017-05-08 11:25:00,2.4
2017-05-08 11:30:00,2.2
2017-05-08 11:35:00,1.9
2017-05-08 11:40:00,2.0
2017-05-08 11:45:00,2.4
2017-05-08 11:50:00,2.8
2017-05-08 11:55:00,3.1
2017-05-08 12:00:00,3.5
2017-05-08 12:05:00,3.3
2017-05-08 12:10:00,3.3
2017-05-08 12:15:00,3.4
2017-05-08 12:20:00,3.4
2017-05-08 12:25:00,3.6
2017-05-08 12:30:00,3.7
2017-05-08 12:35:00,3.6
2017-05-08 12:40:00,3.6
2017-05-08 12:45:00,3.7
2017-05-08 12:50:00,3.6
2017-05-08 12:55:00,3.6
2017-05-08 13:00:00,3.5
2017-05-08 13:05:00,3.5
2017-05-08 13:10:00,3.7
2017-05-08 13:15:00,3.9
2017-05-08 13:20:00,4.1
2017-05-08 13:25:00,4.2
2017-05-08 13:30:00,4.4
2017-05-08 13:35:00,4.7
2017-05-08 13:40:00,4.9
2017-05-08 13:45:00,5.1
2017-05-08 13:50:00,5.3
2017-05-08 13:55:00,5.5
2017-05-08 14:00:00,5.6
2017-05-08 14:05:00,5.7
2017-05-08 14:10:00,5.8
2017-05-08 14:15:00,5.9
2017-05-08 14:20:00,6.0
2017-05-08 14:25:00,6.0
2017-05-08 14:30:00,4.9
2017-05-08 14:35:00,5.1
2017-05-08 14:40:00,5.9
2017-05-08 14:45:00,6.6
2017-05-08 14:50:00,6.5
2017-05-08 14:55:00,6.8
2017-05-08 15:00:00,7.2
2017-05-08 15:05:00,7.3
2017-05-08 15:10:00,7.6
2017-05-08 15:15:00,7.8
2017-05-08 15:20:00,8.2
2017-05-08 15:25:00,8.3
2017-05-08 15:30:00,8.7
2017-05-08 15:35:00,9.1
2017-05-08 15:40:00,9.5
2017-05-08 15:45:00,10.1
2017-05-08 15:50:00,10.8
2017-05-08 15:55:00,11.4
2017-05-08 16:00:00,12.1
2017-05-08 16:05:00,12.5
2017-05-08 16:10:00,13.0
2017-05-08 16:15:00,13.6
2017-05-08 16:20:00,13.7
2017-05-08 16:25:00,14.5
2017-05-08 16:30:00,14.8
2017-05-08 16:35:00,15.4
2017-05-08 16:40:00,15.7
2017-05-08 16:45:00,16.6
2017-05-08 16:50:00,16.5
2017-05-08 16:55:00,16.9
2017-05-08 17:00:00,17.6
2017-05-08 17:05:00,17.9
2017-05-08 17:10:00,18.0
2017-05-08 17:15:00,18.2
2017-05-08 17:20:00,18.2
2017-05-08 17:25:00,18.8
2017-05-08 17:30:00,18.7
2017-05-08 17:35:00,19.2
2017-05-08 17:40:00,20.0
2017-05-08 17:45:00,20.2
2017-05-08 17:50:00,20.6
2017-05-08 17:55:00,21.3
2017-05-08 18:00:00,21.8
2017-05-08 18:05:00,22.3
2017-05-08 18:10:00,22.7
2017-05-08 18:15:00,23.0
2017-05-08 18:20:00,23.4
2017-05-08 18:25:00,24.0
2017-05-08 18:30:00,24.5
2017-05-08 18:35:00,24.8
2017-05-08 18:40:00,25.2
2017-05-08 18:45:00,26.0
2017-05-08 18:50:00,26.5
2017-05-08 18:55:00,27.0
2017-05-08 19:00:00,27.1
2017-05-08 19:05:00,27.3
2017-05-08 19:10:00,27.4
2017-05-08 19:15:00,27.6
2017-05-08 19:20:00,27.3
2017-05-08 19:25:00,24.0
2017-05-08 19:30:00,27.2
2017-05-08 19:35:00,27.9
2017-05-08 19:40:00,28.9
2017-05-08 19:45:00,28.7
2017-05-08 19:50:00,29.4
2017-05-08 19:55:00,29.2
2017-05-08 20:00:00,29.5
2017-05-08 20:05:00,30.2
2017-05-08 20:10:00,31.1
2017-05-08 20:15:00,28.2
2017-05-08 20:20:00,23.6
2017-05-08 20:25:00,23.2
2017-05-08 20:30:00,22.2
2017-05-08 20:35:00,21.0
2017-05-08 20:40:00,20.9
2017-05-08 20:45:00,20.5
2017-05-08 20:50:00,21.8
2017-05-08 20:55:00,23.8
2017-05-08 21:00:00,22.6
2017-05-08 21:05:00,21.1
2017-05-08 21:10:00,20.7
2017-05-08 21:15:00,20.9
2017-05-08 21:20:00,19.8
2017-05-08 21:25:00,23.9
2017-05-08 21:30:00,22.3
2017-05-08 21:35:00,22.6
2017-05-08 21:40:00,21.4
2017-05-08 21:45:00,19.3
2017-05-08 21:50:00,19.4
2017-05-08 21:55:00,21.9
2017-05-08 22:00:00,21.6
2017-05-08 22:05:00,20.2
2017-05-08 22:10:00,19.6
2017-05-08 22:15:00,23.0
2017-05-08 22:20:00,21.3
2017-05-08 22:25:00,19.5
2017-05-08 22:30:00,20.1
2017-05-08 22:35:00,18.1
2017-05-08 22:40:00,17.9
2017-05-08 22:45:00,18.2
2017-05-08 22:50:00,22.3
2017-05-08 22:55:00,19.4
2017-05-08 23:00:00,17.9
2017-05-08 23:05:00,17.6
2017-05-08 23:10:00,17.5
2017-05-08 23:15:00,17.8
2017-05-08 23:20:00,18.0
2017-05-08 23:25:00,17.7
2017-05-08 23:30:00,17.8
2017-05-08 23:35:00,17.2
2017-05-08 23:40:00,16.3
2017-05-08 23:45:00,15.6
2017-05-08 23:50:00,15.9
2017-05-08 23:55:00,18.5
2017-05-09 00:00:00,19.9
2017-05-09 00:05:00,20.7
2017-05-09 00:10:00,20.1
2017-05-09 00:15:00,20.3
2017-05-09 00:20:00,18.9
2017-05-09 00:25:00,18.0
2017-05-09 00:30:00,17.0
2017-05-09 00:35:00,16.7
2017-05-09 00:40:00,16.7
2017-05-09 00:45:00,15.9
2017-05-09 00:50:00,15.0
2017-05-09 00:55:00,15.9
2017-05-09 01:00:00,16.0
2017-05-09 01:05:00,16.7
2017-05-09 01:10:00,16.9
2017-05-09 01:15:00,17.1
2017-05-09 01:20:00,17.7
2017-05-09 01:25:00,16.7
2017-05-09 01:30:00,16.6
2017-05-09 01:35:00,15.2
2017-05-09 01:40:00,14.6
2017-05-09 01:45:00,13.7
2017-05-09 01:50:00,13.3
2017-05-09 01:55:00,13.4
2017-05-09 02:00:00,13.6
2017-05-09 02:05:00,13.8
2017-05-09 02:10:00,13.2
2017-05-09 02:15:00,13.2
2017-05-09 02:20:00,13.0
2017-05-09 02:25:00,12.7
2017-05-09 02:30:00,12.7
2017-05-09 02:35:00,12.4
2017-05-09 02:40:00,12.2
2017-05-09 02:45:00,11.9
2017-05-09 02:50:00,11.8
2017-05-09 02:55:00,11.7
2017-05-09 03:00:00,11.5
2017-05-09 03:05:00,11.0
2017-05-09 03:10:00,10.8
2017-05-09 03:15:00,11.0
2017-05-09 03:20:00,11.0
2017-05-09 03:25:00,11.0
2017-05-09 03:30:00,11.0
2017-05-09 03:35:00,10.9
2017-05-09 03:40:00,10.8
2017-05-09 03:45:00,10.8
2017-05-09 03:50:00,10.7
2017-05-09 03:55:00,10.5
2017-05-09 04:00:00,10.4
2017-05-09 04:05:00,10.2
2017-05-09 04:10:00,10.2
2017-05-09 04:15:00,10.2
2017-05-09 04:20:00,10.0
2017-05-09 04:25:00,9.4
2017-05-09 04:30:00,9.0
2017-05-09 04:35:00,8.8
2017-05-09 04:40:00,8.4
2017-05-09 04:45:00,8.3
2017-05-09 04:50:00,8.2
2017-05-09 04:55:00,8.1
2017-05-09 05:00:00,8.1
2017-05-09 05:05:00,8.0
2017-05-09 05:10:00,7.9
2017-05-09 05:15:00,7.8
2017-05-09 05:20:00,7.6
2017-05-09 05:25:00,7.6
2017-05-09 05:30:00,7.5
2017-05-09 05:35:00,7.4
2017-05-09 05:40:00,7.2
2017-05-09 05:45:00,7.0
2017-05-09 05:50:00,6.8
2017-05-09 05:55:00,6.6
2017-05-09 06:00:00,6.8
2017-05-09 06:05:00,6.9
2017-05-09 06:10:00,6.9
2017-05-09 06:15:00,6.9
2017-05-09 06:20:00,6.7
2017-05-09 06:25:00,6.7
2017-05-09 06:30:00,6.8
2017-05-09 06:35:00,6.7
2017-05-09 06:40:00,6.7
2017-05-09 06:45:00,6.5
2017-05-09 06:50:00,6.3
2017-05-09 06:55:00,6.3
2017-05-09 07:00:00,6.3
2017-05-09 07:05:00,6.3
2017-05-09 07:10:00,6.4
2017-05-09 07:15:00,6.3
2017-05-09 07:20:00,6.2
2017-05-09 07:25:00,6.1
2017-05-09 07:30:00,6.0
2017-05-09 07:35:00,6.0
2017-05-09 07:40:00,6.0
2017-05-09 07:45:00,5.9
2017-05-09 07:50:00,5.8
2017-05-09 07:55:00,5.6
2017-05-09 08:00:00,5.5
2017-05-09 08:05:00,5.5
2017-05-09 08:10:00,5.6
2017-05-09 08:15:00,5.5
2017-05-09 08:20:00,5.5
2017-05-09 08:25:00,5.5
2017-05-09 08:30:00,5.4
2017-05-09 08:35:00,5.4
2017-05-09 08:40:00,5.3
2017-05-09 08:45:00,5.3
2017-05-09 08:50:00,5.5
2017-05-09 08:55:00,5.5
2017-05-09 09:00:00,5.3
2017-05-09 09:05:00,5.3
2017-05-09 09:10:00,5.2
2017-05-09 09:15:00,5.3
2017-05-09 09:20:00,5.5
2017-05-09 09:25:00,5.5
2017-05-09 09:30:00,5.4
2017-05-09 09:35:00,5.4
2017-05-09 09:40:00,5.5
2017-05-09 09:45:00,5.2
2017-05-09 09:50:00,5.1
2017-05-09 09:55:00,5.3
2017-05-09 10:00:00,5.5
2017-05-09 10:05:00,5.3
2017-05-09 10:10:00,5.2
2017-05-09 10:15:00,5.1
2017-05-09 10:20:00,5.2
2017-05-09 10:25:00,5.2
2017-05-09 10:30:00,5.0
2017-05-09 10:35:00,4.9
2017-05-09 10:40:00,4.8
2017-05-09 10:45:00,4.8
2017-05-09 10:50:00,4.6
2017-05-09 10:55:00,4.5
2017-05-09 11:00:00,4.8
2017-05-09 11:05:00,4.7
2017-05-09 11:10:00,4.6
2017-05-09 11:15:00,4.6
2017-05-09 11:20:00,4.4
2017-05-09 11:25:00,4.3
2017-05-09 11:30:00,4.3
2017-05-09 11:35:00,4.2
2017-05-09 11:40:00,4.2
2017-05-09 11:45:00,4.1
2017-05-09 11:50:00,4.2
2017-05-09 11:55:00,4.2
2017-05-09 12:00:00,4.1
2017-05-09 12:05:00,4.1
2017-05-09 12:10:00,3.8
2017-05-09 12:15:00,3.7
2017-05-09 12:20:00,3.6
2017-05-09 12:25:00,3.7
2017-05-09 12:30:00,3.7
2017-05-09 12:35:00,2.9
2017-05-09 12:40:00,2.7
2017-05-09 12:45:00,2.3
2017-05-09 12:50:00,2.8
2017-05-09 12:55:00,3.2
2017-05-09 13:00:00,3.9
2017-05-09 13:05:00,4.0
2017-05-09 13:10:00,4.0
2017-05-09 13:15:00,4.2
2017-05-09 13:20:00,4.4
2017-05-09 13:25:00,4.7
2017-05-09 13:30:00,5.0
2017-05-09 13:35:00,5.3
2017-05-09 13:40:00,5.5
2017-05-09 13:45:00,5.7
2017-05-09 13:50:00,5.8
2017-05-09 13:55:00,6.0
2017-05-09 14:00:00,6.1
2017-05-09 14:05:00,6.1
2017-05-09 14:10:00,6.2
2017-05-09 14:15:00,6.3
2017-05-09 14:20:00,6.6
2017-05-09 14:25:00,7.0
2017-05-09 14:30:00,7.4
2017-05-09 14:35:00,7.8
2017-05-09 14:40:00,8.2
2017-05-09 14:45:00,8.6
2017-05-09 14:50:00,9.0
2017-05-09 14:55:00,9.3
2017-05-09 15:00:00,9.8
2017-05-09 15:05:00,10.2
2017-05-09 15:10:00,10.4
2017-05-09 15:15:00,10.4
2017-05-09 15:20:00,11.0
2017-05-09 15:25:00,11.6
2017-05-09 15:30:00,11.9
2017-05-09 15:35:00,11.6
2017-05-09 15:40:00,11.7
2017-05-09 15:45:00,11.9
2017-05-09 15:50:00,12.4
2017-05-09 15:55:00,13.0
2017-05-09 16:00:00,13.8
2017-05-09 16:05:00,14.1
2017-05-09 16:10:00,14.8
2017-05-09 16:15:00,15.2
2017-05-09 16:20:00,16.1
2017-05-09 16:25:00,16.6
2017-05-09 16:30:00,16.5
2017-05-09 16:35:00,17.1
2017-05-09 16:40:00,17.7
2017-05-09 16:45:00,18.1
2017-05-09 16:50:00,18.7
2017-05-09 16:55:00,19.2
2017-05-09 17:00:00,20.0
2017-05-09 17:05:00,20.4
2017-05-09 17:10:00,21.1
2017-05-09 17:15:00,21.4
2017-05-09 17:20:00,22.3
2017-05-09 17:25:00,22.3
2017-05-09 17:30:00,23.0
2017-05-09 17:35:00,22.9
2017-05-09 17:40:00,23.4
2017-05-09 17:45:00,23.8
2017-05-09 17:50:00,24.9
2017-05-09 17:55:00,25.0
2017-05-09 18:00:00,24.8
2017-05-09 18:05:00,25.7
2017-05-09 18:10:00,26.8
2017-05-09 18:15:00,27.9
2017-05-09 18:20:00,27.1
2017-05-09 18:25:00,27.4
2017-05-09 18:30:00,28.2
2017-05-09 18:35:00,29.1
2017-05-09 18:40:00,28.0
2017-05-09 18:45:00,26.4
2017-05-09 18:50:00,28.1
2017-05-09 18:55:00,29.3
2017-05-09 19:00:00,30.3
2017-05-09 19:05:00,30.4
2017-05-09 19:10:00,30.6
2017-05-09 19:15:00,31.6
2017-05-09 19:20:00,32.3
2017-05-09 19:25:00,31.5
2017-05-09 19:30:00,32.0
2017-05-09 19:35:00,31.6
2017-05-09 19:40:00,32.2
2017-05-09 19:45:00,31.5
2017-05-09 19:50:00,31.8
2017-05-09 19:55:00,31.9
2017-05-09 20:00:00,29.7
2017-05-09 20:05:00,29.9
2017-05-09 20:10:00,33.5
2017-05-09 20:15:00,32.3
2017-05-09 20:20:00,32.0
2017-05-09 20:25:00,34.3
2017-05-09 20:30:00,33.3
2017-05-09 20:35:00,28.7
2017-05-09 20:40:00,29.8
2017-05-09 20:45:00,32.7
2017-05-09 20:50:00,32.4
2017-05-09 20:55:00,33.4
2017-05-09 21:00:00,31.4
2017-05-09 21:05:00,32.9
2017-05-09 21:10:00,28.2
2017-05-09 21:15:00,31.2
2017-05-09 21:20:00,32.3
2017-05-09 21:25:00,32.6
2017-05-09 21:30:00,32.9
2017-05-09 21:35:00,33.5
2017-05-09 21:40:00,33.0
2017-05-09 21:45:00,33.5
2017-05-09 21:50:00,33.6
2017-05-09 21:55:00,33.5
2017-05-09 22:00:00,33.5
2017-05-09 22:05:00,33.6
2017-05-09 22:10:00,33.7
2017-05-09 22:15:00,33.3
2017-05-09 22:20:00,33.1
2017-05-09 22:25:00,32.9
2017-05-09 22:30:00,32.7
2017-05-09 22:35:00,32.9
2017-05-09 22:40:00,32.6
2017-05-09 22:45:00,31.6
2017-05-09 22:50:00,31.6
2017-05-09 22:55:00,31.9
2017-05-09 23:00:00,31.1
2017-05-09 23:05:00,30.9
2017-05-09 23:10:00,31.0
2017-05-09 23:15:00,30.8
2017-05-09 23:20:00,30.6
2017-05-09 23:25:00,30.2
2017-05-09 23:30:00,30.0
2017-05-09 23:35:00,29.4
2017-05-09 23:40:00,29.3
2017-05-09 23:45:00,28.8
2017-05-09 23:50:00,28.3
2017-05-09 23:55:00,27.9
2017-05-10 00:00:00,26.5
2017-05-10 00:05:00,26.3
2017-05-10 00:10:00,26.2
2017-05-10 00:15:00,25.8
2017-05-10 00:20:00,24.9
2017-05-10 00:25:00,24.7
2017-05-10 00:30:00,24.5
2017-05-10 00:35:00,24.2
2017-05-10 00:40:00,23.6
2017-05-10 00:45:00,23.5
2017-05-10 00:50:00,22.2
2017-05-10 00:55:00,21.7
2017-05-10 01:00:00,21.8
2017-05-10 01:05:00,21.2
2017-05-10 01:10:00,20.7
2017-05-10 01:15:00,19.8
2017-05-10 01:20:00,19.0
2017-05-10 01:25:00,18.6
2017-05-10 01:30:00,17.8
2017-05-10 01:35:00,17.3
2017-05-10 01:40:00,16.7
2017-05-10 01:45:00,16.3
2017-05-10 01:50:00,15.9
2017-05-10 01:55:00,15.4
2017-05-10 02:00:00,15.5
2017-05-10 02:05:00,15.0
2017-05-10 02:10:00,14.6
2017-05-10 02:15:00,14.3
2017-05-10 02:20:00,14.2
2017-05-10 02:25:00,13.9
2017-05-10 02:30:00,13.5
2017-05-10 02:35:00,13.2
2017-05-10 02:40:00,13.0
2017-05-10 02:45:00,12.7
2017-05-10 02:50:00,12.4
2017-05-10 02:55:00,12.1
2017-05-10 03:00:00,11.9
2017-05-10 03:05:00,11.7
2017-05-10 03:10:00,11.5
2017-05-10 03:15:00,11.3
2017-05-10 03:20:00,11.1
2017-05-10 03:25:00,10.9
2017-05-10 03:30:00,10.7
2017-05-10 03:35:00,10.6
2017-05-10 03:40:00,10.4
2017-05-10 03:45:00,10.3
2017-05-10 03:50:00,10.1
2017-05-10 03:55:00,10.0
2017-05-10 04:00:00,10.0
2017-05-10 04:05:00,9.9
2017-05-10 04:10:00,9.9
2017-05-10 04:15:00,9.8
2017-05-10 04:20:00,9.7
2017-05-10 04:25:00,9.6
2017-05-10 04:30:00,9.6
2017-05-10 04:35:00,9.6
2017-05-10 04:40:00,9.6
2017-05-10 04:45:00,9.5
2017-05-10 04:50:00,9.5
2017-05-10 04:55:00,9.4
2017-05-10 05:00:00,9.3
2017-05-10 05:05:00,9.1
2017-05-10 05:10:00,8.9
2017-05-10 05:15:00,8.8
2017-05-10 05:20:00,8.6
2017-05-10 05:25:00,8.6
2017-05-10 05:30:00,8.6
2017-05-10 05:35:00,8.5
2017-05-10 05:40:00,8.4
2017-05-10 05:45:00,8.3
2017-05-10 05:50:00,8.2
2017-05-10 05:55:00,8.1
2017-05-10 06:00:00,8.0
2017-05-10 06:05:00,8.0
2017-05-10 06:10:00,7.9
2017-05-10 06:15:00,7.8
2017-05-10 06:20:00,7.8
2017-05-10 06:25:00,7.8
2017-05-10 06:30:00,7.7
2017-05-10 06:35:00,7.6
2017-05-10 06:40:00,7.6
2017-05-10 06:45:00,7.5
2017-05-10 06:50:00,7.5
2017-05-10 06:55:00,7.4
2017-05-10 07:00:00,7.4
2017-05-10 07:05:00,7.3
2017-05-10 07:10:00,7.3
2017-05-10 07:15:00,7.3
2017-05-10 07:20:00,7.3
2017-05-10 07:25:00,7.2
2017-05-10 07:30:00,7.1
2017-05-10 07:35:00,7.1
2017-05-10 07:40:00,7.0
2017-05-10 07:45:00,7.0
2017-05-10 07:50:00,6.9
2017-05-10 07:55:00,6.9
2017-05-10 08:00:00,6.9
2017-05-10 08:05:00,6.8
2017-05-10 08:10:00,6.8
2017-05-10 08:15:00,6.7
2017-05-10 08:20:00,6.6
2017-05-10 08:25:00,6.5
2017-05-10 08:30:00,6.5
2017-05-10 08:35:00,6.5
2017-05-10 08:40:00,6.5
2017-05-10 08:45:00,6.6
2017-05-10 08:50:00,6.5
2017-05-10 08:55:00,6.4
2017-05-10 09:00:00,6.4
2017-05-10 09:05:00,6.3
2017-05-10 09:10:00,6.3
2017-05-10 09:15:00,6.3
2017-05-10 09:20:00,6.2
2017-05-10 09:25:00,6.2
2017-05-10 09:30:00,6.2
2017-05-10 09:35:00,6.1
2017-05-10 09:40:00,6.1
2017-05-10 09:45:00,6.0
2017-05-10 09:50:00,6.0
2017-05-10 09:55:00,5.9
2017-05-10 10:00:00,5.9
2017-05-10 10:05:00,5.9
2017-05-10 10:10:00,5.8
2017-05-10 10:15:00,5.8
2017-05-10 10:20:00,5.7
2017-05-10 10:25:00,5.8
2017-05-10 10:30:00,5.7
2017-05-10 10:35:00,5.7
2017-05-10 10:40:00,5.7
2017-05-10 10:45:00,5.7
2017-05-10 10:50:00,5.7
2017-05-10 10:55:00,5.7
2017-05-10 11:00:00,5.7
2017-05-10 11:05:00,5.7
2017-05-10 11:10:00,5.6
2017-05-10 11:15:00,5.6
2017-05-10 11:20:00,5.5
2017-05-10 11:25:00,5.5
2017-05-10 11:30:00,5.5
2017-05-10 11:35:00,5.4
2017-05-10 11:40:00,5.5
2017-05-10 11:45:00,5.5
2017-05-10 11:50:00,5.4
2017-05-10 11:55:00,5.4
2017-05-10 12:00:00,5.5
2017-05-10 12:05:00,5.4
2017-05-10 12:10:00,5.5
2017-05-10 12:15:00,5.5
2017-05-10 12:20:00,5.5
2017-05-10 12:25:00,5.4
2017-05-10 12:30:00,5.3
2017-05-10 12:35:00,5.3
2017-05-10 12:40:00,5.1
2017-05-10 12:45:00,5.0
2017-05-10 12:50:00,4.9
2017-05-10 12:55:00,4.8
2017-05-10 13:00:00,4.8
2017-05-10 13:05:00,4.9
2017-05-10 13:10:00,4.9
2017-05-10 13:15:00,4.9
2017-05-10 13:20:00,5.1
2017-05-10 13:25:00,5.2
2017-05-10 13:30:00,5.4
2017-05-10 13:35:00,5.5
2017-05-10 13:40:00,5.7
2017-05-10 13:45:00,5.9
2017-05-10 13:50:00,6.2
2017-05-10 13:55:00,6.3
2017-05-10 14:00:00,6.6
2017-05-10 14:05:00,6.9
2017-05-10 14:10:00,7.1
2017-05-10 14:15:00,7.3
2017-05-10 14:20:00,7.6
2017-05-10 14:25:00,8.2
2017-05-10 14:30:00,8.4
2017-05-10 14:35:00,8.6
2017-05-10 14:40:00,9.0
2017-05-10 14:45:00,9.2
2017-05-10 14:50:00,9.5
2017-05-10 14:55:00,9.5
2017-05-10 15:00:00,9.7
2017-05-10 15:05:00,10.0
2017-05-10 15:10:00,10.5
2017-05-10 15:15:00,10.9
2017-05-10 15:20:00,11.3
2017-05-10 15:25:00,12.0
2017-05-10 15:30:00,12.5
2017-05-10 15:35:00,13.1
2017-05-10 15:40:00,13.2
2017-05-10 15:45:00,13.3
2017-05-10 15:50:00,13.8
2017-05-10 15:55:00,14.3
2017-05-10 16:00:00,14.5
2017-05-10 16:05:00,14.7
2017-05-10 16:10:00,15.4
2017-05-10 16:15:00,15.9
2017-05-10 16:20:00,16.7
2017-05-10 16:25:00,17.1
2017-05-10 16:30:00,17.5
2017-05-10 16:35:00,17.5
2017-05-10 16:40:00,18.6
2017-05-10 16:45:00,19.4
2017-05-10 16:50:00,20.2
2017-05-10 16:55:00,20.5
2017-05-10 17:00:00,21.0
2017-05-10 17:05:00,21.5
2017-05-10 17:10:00,22.0
2017-05-10 17:15:00,22.4

